ab_id,ag_id,label,ab_cluster_id,ag_cluster_id,instance_label,CLS
0,0,1,890,613,613-890,1
1,1,1,333,294,294-333,1
4,4,1,33,91,91-33,1
5,5,1,56,177,177-56,1
10,10,1,120,534,534-120,1
18,18,1,696,656,656-696,1
21,21,1,407,496,496-407,1
24,24,1,617,311,311-617,1
31,31,1,671,299,299-671,1
33,33,1,911,499,499-911,1
34,34,1,485,479,479-485,1
36,36,1,373,124,124-373,1
37,37,1,831,697,697-831,1
38,38,1,160,678,678-160,1
39,39,1,517,555,555-517,1
44,44,1,374,473,473-374,1
47,47,1,184,527,527-184,1
51,51,1,309,672,672-309,1
55,55,1,432,740,740-432,1
56,56,1,665,548,548-665,1
60,60,1,642,512,512-642,1
64,64,1,162,630,630-162,1
66,66,1,216,661,661-216,1
69,69,1,705,223,223-705,1
72,72,1,486,500,500-486,1
74,74,1,809,15,15-809,1
75,75,1,334,768,768-334,1
76,76,1,433,571,571-433,1
87,87,1,743,154,154-743,1
88,88,1,421,219,219-421,1
92,92,1,335,551,551-335,1
93,93,1,374,654,654-374,1
94,94,1,46,195,195-46,1
95,95,1,309,231,231-309,1
106,106,1,106,161,161-106,1
109,109,1,34,688,688-34,1
113,113,1,333,641,641-333,1
117,117,1,90,449,449-90,1
119,119,1,735,667,667-735,1
121,121,1,943,379,379-943,1
122,122,1,453,675,675-453,1
125,125,1,556,18,18-556,1
130,130,1,708,0,0-708,1
131,131,1,597,571,571-597,1
132,132,1,422,372,372-422,1
136,136,1,598,745,745-598,1
137,137,1,610,712,712-610,1
141,141,1,41,514,514-41,1
144,144,1,473,363,363-473,1
145,145,1,321,380,380-321,1
149,149,1,228,237,237-228,1
150,150,1,99,568,568-99,1
160,160,1,531,732,732-531,1
161,161,1,120,619,619-120,1
162,162,1,43,615,615-43,1
166,166,1,302,689,689-302,1
167,167,1,181,765,765-181,1
174,174,1,172,315,315-172,1
175,175,1,289,305,305-289,1
177,177,1,643,723,723-643,1
181,181,1,729,79,79-729,1
185,185,1,165,484,484-165,1
187,187,1,401,103,103-401,1
191,191,1,630,466,466-630,1
192,192,1,936,214,214-936,1
197,197,1,599,742,742-599,1
200,200,1,364,201,201-364,1
204,204,1,230,501,501-230,1
208,208,1,557,144,144-557,1
209,209,1,786,526,526-786,1
214,214,1,662,539,539-662,1
215,215,1,348,141,141-348,1
221,221,1,600,459,459-600,1
222,222,1,601,406,406-601,1
226,226,1,256,542,542-256,1
233,233,1,879,538,538-879,1
236,236,1,536,128,128-536,1
247,247,1,676,558,558-676,1
249,249,1,709,503,503-709,1
253,253,1,232,572,572-232,1
256,256,1,442,352,352-442,1
257,257,1,558,9,9-558,1
258,258,1,53,671,671-53,1
260,260,1,380,576,576-380,1
263,263,1,63,557,557-63,1
268,268,1,491,424,424-491,1
273,273,1,326,88,88-326,1
276,276,1,866,142,142-866,1
277,277,1,318,471,471-318,1
280,280,1,211,285,285-211,1
281,281,1,893,118,118-893,1
283,283,1,838,106,106-838,1
288,288,1,479,497,497-479,1
292,292,1,492,57,57-492,1
293,293,1,298,112,112-298,1
295,295,1,36,134,134-36,1
300,300,1,56,642,642-56,1
316,316,1,339,82,82-339,1
318,318,1,867,702,702-867,1
322,322,1,340,12,12-340,1
323,323,1,8,146,146-8,1
328,328,1,28,267,267-28,1
332,332,1,139,97,97-139,1
333,333,1,140,431,431-140,1
334,334,1,292,764,764-292,1
338,338,1,613,131,131-613,1
339,339,1,920,606,606-920,1
342,342,1,715,694,694-715,1
344,344,1,425,714,714-425,1
345,345,1,413,280,280-413,1
346,346,1,120,608,608-120,1
349,349,1,902,636,636-902,1
352,352,1,707,569,569-707,1
354,354,1,246,729,729-246,1
358,358,1,559,19,19-559,1
361,361,1,560,45,45-560,1
363,363,1,414,309,309-414,1
365,365,1,120,288,288-120,1
366,366,1,493,291,291-493,1
372,372,1,698,603,603-698,1
373,373,1,34,387,387-34,1
374,374,1,624,140,140-624,1
378,378,1,450,470,470-450,1
379,379,1,482,458,458-482,1
381,381,1,668,700,700-668,1
382,382,1,904,204,204-904,1
384,384,1,883,386,386-883,1
388,388,1,614,638,638-614,1
389,389,1,451,121,121-451,1
393,393,1,216,664,664-216,1
395,395,1,717,173,173-717,1
396,396,1,521,566,566-521,1
397,397,1,120,465,465-120,1
400,400,1,637,337,337-637,1
401,401,1,41,394,394-41,1
402,402,1,362,600,600-362,1
404,404,1,561,477,477-561,1
410,410,1,611,174,174-611,1
416,416,1,626,543,543-626,1
417,417,1,294,587,587-294,1
418,418,1,823,651,651-823,1
424,424,1,308,556,556-308,1
426,426,1,172,26,26-172,1
427,427,1,514,330,330-514,1
428,428,1,632,643,643-632,1
430,430,1,646,143,143-646,1
431,431,1,415,468,468-415,1
434,434,1,102,706,706-102,1
437,437,1,633,596,596-633,1
439,439,1,583,300,300-583,1
444,444,1,36,454,454-36,1
445,445,1,299,258,258-299,1
451,451,1,669,307,307-669,1
456,456,1,495,533,533-495,1
458,458,1,896,234,234-896,1
461,461,1,377,665,665-377,1
465,465,1,496,515,515-496,1
475,475,1,310,259,259-310,1
477,477,1,849,230,230-849,1
478,478,1,200,652,652-200,1
479,479,1,677,27,27-677,1
482,482,1,710,308,308-710,1
489,489,1,605,506,506-605,1
491,491,1,378,162,162-378,1
493,493,1,23,81,81-23,1
494,494,1,840,157,157-840,1
502,502,1,716,232,232-716,1
503,503,1,938,59,59-938,1
507,507,1,522,720,720-522,1
510,510,1,264,487,487-264,1
512,512,1,270,620,620-270,1
519,519,1,89,384,384-89,1
520,520,1,497,16,16-497,1
522,522,1,344,24,24-344,1
524,524,1,712,522,522-712,1
528,528,1,129,139,139-129,1
531,531,1,230,340,340-230,1
535,535,1,850,279,279-850,1
537,537,1,427,212,212-427,1
539,539,1,917,290,290-917,1
542,542,1,180,286,286-180,1
551,551,1,120,576,576-120,1
553,553,1,345,701,701-345,1
554,554,1,634,739,739-634,1
555,555,1,371,576,576-371,1
558,558,1,109,626,626-109,1
562,562,1,318,560,560-318,1
563,563,1,524,377,377-524,1
566,566,1,62,421,421-62,1
567,567,1,428,741,741-428,1
574,574,1,429,705,705-429,1
575,575,1,124,591,591-124,1
580,580,1,679,43,43-679,1
584,584,1,914,53,53-914,1
588,588,1,928,72,72-928,1
590,590,1,648,278,278-648,1
591,591,1,230,36,36-230,1
598,598,1,33,30,30-33,1
603,603,1,222,417,417-222,1
604,604,1,56,396,396-56,1
609,609,1,842,731,731-842,1
613,613,1,649,400,400-649,1
616,616,1,130,569,569-130,1
617,617,1,130,569,569-130,1
619,619,1,467,571,571-467,1
626,626,1,220,526,526-220,1
632,632,1,617,311,311-617,1
636,636,1,132,547,547-132,1
639,639,1,431,710,710-431,1
642,642,1,650,132,132-650,1
650,650,1,248,402,402-248,1
651,651,1,619,389,389-619,1
656,656,1,373,124,124-373,1
657,657,1,563,154,154-563,1
658,658,1,787,387,387-787,1
659,659,1,271,121,121-271,1
661,661,1,501,307,307-501,1
664,664,1,584,554,554-584,1
665,665,1,83,121,121-83,1
670,670,1,468,253,253-468,1
673,673,1,907,555,555-907,1
677,677,1,43,33,33-43,1
678,678,1,620,194,194-620,1
679,679,1,99,501,501-99,1
680,680,1,102,381,381-102,1
681,681,1,596,455,455-596,1
682,682,1,97,443,443-97,1
684,684,1,432,740,740-432,1
689,689,1,527,526,526-527,1
690,690,1,99,388,388-99,1
691,691,1,7,445,445-7,1
695,695,1,99,364,364-99,1
696,696,1,651,630,630-651,1
702,702,1,57,377,377-57,1
703,703,1,43,596,596-43,1
705,705,1,469,538,538-469,1
707,707,1,586,395,395-586,1
715,715,1,433,436,436-433,1
719,719,1,522,328,328-522,1
726,726,1,110,556,556-110,1
728,728,1,140,396,396-140,1
735,735,1,434,418,418-434,1
739,739,1,435,727,727-435,1
740,740,1,58,16,16-58,1
741,741,1,120,441,441-120,1
742,742,1,792,197,197-792,1
743,743,1,374,654,654-374,1
748,748,1,250,398,398-250,1
751,751,1,349,767,767-349,1
761,761,1,99,351,351-99,1
762,762,1,224,590,590-224,1
763,763,1,10,403,403-10,1
769,769,1,763,561,561-763,1
770,770,1,350,508,508-350,1
771,771,1,530,508,508-530,1
772,772,1,300,429,429-300,1
775,775,1,81,503,503-81,1
776,776,1,652,508,508-652,1
781,781,1,110,556,556-110,1
782,782,1,383,520,520-383,1
783,783,1,753,483,483-753,1
784,784,1,127,412,412-127,1
788,788,1,90,449,449-90,1
790,790,1,133,381,381-133,1
791,791,1,820,413,413-820,1
793,793,1,226,379,379-226,1
794,794,1,409,557,557-409,1
796,796,1,4,38,38-4,1
797,797,1,120,413,413-120,1
800,800,1,121,369,369-121,1
803,803,1,430,404,404-430,1
805,805,1,853,413,413-853,1
806,806,1,99,445,445-99,1
808,808,1,251,596,596-251,1
813,813,1,110,556,556-110,1
817,817,1,63,313,313-63,1
819,819,1,227,695,695-227,1
824,824,1,384,252,252-384,1
829,829,1,352,408,408-352,1
830,830,1,473,363,363-473,1
833,833,1,321,380,380-321,1
837,837,1,228,237,237-228,1
838,838,1,43,568,568-43,1
839,839,1,289,502,502-289,1
843,843,1,288,145,145-288,1
845,845,1,836,571,571-836,1
851,851,1,147,413,413-147,1
854,854,1,531,732,732-531,1
855,855,1,120,619,619-120,1
859,859,1,532,571,571-532,1
860,860,1,43,462,462-43,1
863,863,1,48,406,406-48,1
865,865,1,797,717,717-797,1
868,868,1,230,19,19-230,1
873,873,1,438,654,654-438,1
883,883,1,289,305,305-289,1
888,888,1,795,59,59-795,1
899,899,1,165,484,484-165,1
908,908,1,100,503,503-100,1
910,910,1,162,576,576-162,1
911,911,1,353,497,497-353,1
913,913,1,254,234,234-254,1
915,915,1,132,547,547-132,1
919,919,1,599,742,742-599,1
921,921,1,17,601,601-17,1
922,922,1,123,437,437-123,1
923,923,1,26,437,437-26,1
925,925,1,410,441,441-410,1
928,928,1,43,633,633-43,1
929,929,1,439,154,154-439,1
934,934,1,258,644,644-258,1
935,935,1,230,364,364-230,1
939,939,1,786,526,526-786,1
940,940,1,85,561,561-85,1
942,942,1,244,57,57-244,1
948,948,1,255,556,556-255,1
949,949,1,354,767,767-354,1
955,955,1,348,141,141-348,1
956,956,1,388,638,638-388,1
959,959,1,43,361,361-43,1
961,961,1,355,377,377-355,1
964,964,1,256,510,510-256,1
973,973,1,534,365,365-534,1
979,979,1,535,381,381-535,1
984,984,1,39,445,445-39,1
986,986,1,707,569,569-707,1
989,989,1,569,178,178-569,1
991,991,1,570,638,638-570,1
992,992,1,742,763,763-742,1
993,993,1,536,128,128-536,1
999,999,1,42,735,735-42,1
1005,1005,1,210,596,596-210,1
1011,1011,1,442,352,352-442,1
1013,1013,1,411,465,465-411,1
1016,1016,1,63,557,557-63,1
1017,1017,1,409,557,557-409,1
1029,1029,1,305,381,381-305,1
1033,1033,1,275,571,571-275,1
1036,1036,1,326,88,88-326,1
1038,1038,1,364,359,359-364,1
1043,1043,1,174,503,503-174,1
1044,1044,1,306,503,503-306,1
1046,1046,1,307,620,620-307,1
1047,1047,1,166,430,430-166,1
1054,1054,1,211,285,285-211,1
1060,1060,1,479,497,497-479,1
1069,1069,1,298,112,112-298,1
1072,1072,1,179,230,230-179,1
1076,1076,1,389,401,401-389,1
1083,1083,1,51,441,441-51,1
1085,1085,1,212,727,727-212,1
1088,1088,1,5,152,152-5,1
1091,1091,1,124,571,571-124,1
1095,1095,1,573,511,511-573,1
1096,1096,1,574,511,511-574,1
1098,1098,1,446,456,456-446,1
1117,1117,1,539,467,467-539,1
1119,1119,1,259,569,569-259,1
1127,1127,1,655,353,353-655,1
1130,1130,1,55,377,377-55,1
1132,1132,1,443,422,422-443,1
1138,1138,1,28,267,267-28,1
1139,1139,1,139,97,97-139,1
1141,1141,1,153,230,230-153,1
1142,1142,1,49,441,441-49,1
1143,1143,1,292,764,764-292,1
1146,1146,1,800,556,556-800,1
1147,1147,1,920,606,606-920,1
1150,1150,1,447,13,13-447,1
1157,1157,1,413,280,280-413,1
1158,1158,1,120,608,608-120,1
1159,1159,1,872,142,142-872,1
1163,1163,1,360,286,286-360,1
1164,1164,1,707,569,569-707,1
1165,1165,1,707,569,569-707,1
1174,1174,1,133,307,307-133,1
1175,1175,1,448,307,307-448,1
1177,1177,1,155,674,674-155,1
1180,1180,1,414,309,309-414,1
1184,1184,1,279,620,620-279,1
1190,1190,1,194,603,603-194,1
1195,1195,1,34,387,387-34,1
1196,1196,1,624,89,89-624,1
1197,1197,1,772,674,674-772,1
1198,1198,1,330,281,281-330,1
1199,1199,1,442,353,353-442,1
1201,1201,1,482,420,420-482,1
1203,1203,1,909,666,666-909,1
1209,1209,1,771,387,387-771,1
1213,1213,1,141,419,419-141,1
1217,1217,1,87,438,438-87,1
1218,1218,1,56,585,585-56,1
1222,1222,1,625,689,689-625,1
1224,1224,1,170,59,59-170,1
1225,1225,1,170,59,59-170,1
1233,1233,1,247,638,638-247,1
1234,1234,1,56,426,426-56,1
1237,1237,1,451,121,121-451,1
1239,1239,1,293,106,106-293,1
1242,1242,1,790,387,387-790,1
1246,1246,1,521,443,443-521,1
1248,1248,1,452,19,19-452,1
1250,1250,1,63,306,306-63,1
1253,1253,1,362,497,497-362,1
1261,1261,1,302,19,19-302,1
1265,1265,1,778,332,332-778,1
1267,1267,1,105,366,366-105,1
1272,1272,1,626,439,439-626,1
1275,1275,1,803,571,571-803,1
1276,1276,1,82,381,381-82,1
1278,1278,1,294,587,587-294,1
1280,1280,1,660,404,404-660,1
1288,1288,1,765,604,604-765,1
1289,1289,1,745,344,344-745,1
1291,1291,1,514,330,330-514,1
1292,1292,1,632,643,643-632,1
1294,1294,1,83,160,160-83,1
1295,1295,1,545,397,397-545,1
1296,1296,1,415,468,468-415,1
1299,1299,1,20,706,706-20,1
1312,1312,1,365,503,503-365,1
1315,1315,1,921,381,381-921,1
1318,1318,1,106,722,722-106,1
1319,1319,1,43,452,452-43,1
1325,1325,1,295,215,215-295,1
1326,1326,1,752,659,659-752,1
1333,1333,1,196,230,230-196,1
1334,1334,1,196,230,230-196,1
1335,1335,1,896,687,687-896,1
1338,1338,1,627,400,400-627,1
1345,1345,1,309,231,231-309,1
1350,1350,1,158,458,458-158,1
1356,1356,1,63,445,445-63,1
1357,1357,1,217,578,578-217,1
1362,1362,1,874,660,660-874,1
1363,1363,1,310,259,259-310,1
1364,1364,1,396,767,767-396,1
1368,1368,1,515,90,90-515,1
1375,1375,1,548,440,440-548,1
1381,1381,1,262,432,432-262,1
1386,1386,1,844,121,121-844,1
1387,1387,1,36,121,121-36,1
1392,1392,1,595,445,445-595,1
1394,1394,1,316,433,433-316,1
1396,1396,1,522,720,720-522,1
1397,1397,1,176,571,571-176,1
1404,1404,1,595,422,422-595,1
1405,1405,1,45,399,399-45,1
1406,1406,1,264,399,399-264,1
1412,1412,1,179,695,695-179,1
1413,1413,1,761,384,384-761,1
1417,1417,1,94,510,510-94,1
1423,1423,1,99,596,596-99,1
1425,1425,1,312,234,234-312,1
1427,1427,1,117,445,445-117,1
1430,1430,1,129,139,139-129,1
1435,1435,1,31,230,230-31,1
1436,1436,1,808,8,8-808,1
1447,1447,1,265,229,229-265,1
1451,1451,1,180,286,286-180,1
1452,1452,1,910,538,538-910,1
1457,1457,1,830,303,303-830,1
1459,1459,1,759,325,325-759,1
1461,1461,1,457,117,117-457,1
1463,1463,1,95,121,121-95,1
1465,1465,1,371,576,576-371,1
1468,1468,1,313,526,526-313,1
1472,1472,1,551,441,441-551,1
1473,1473,1,756,421,421-756,1
1474,1474,1,428,741,741-428,1
1476,1476,1,418,510,510-418,1
1483,1483,1,876,751,751-876,1
1484,1484,1,779,751,751-779,1
1487,1487,1,398,591,591-398,1
1488,1488,1,746,593,593-746,1
1490,1490,1,399,503,503-399,1
1493,1493,1,750,763,763-750,1
1499,1499,1,219,603,603-219,1
1503,1503,1,419,503,503-419,1
1504,1504,1,553,576,576-553,1
1510,1510,1,120,503,503-120,1
729,822,1,754,0,0-754,1
293,1069,1,298,112,112-298,1
1069,293,1,298,112,112-298,1
549,1461,1,457,117,117-457,1
1461,549,1,457,117,117-457,1
389,1237,1,451,121,121-451,1
1237,389,1,451,121,121-451,1
1386,1173,1,844,121,121-844,1
36,656,1,373,124,124-373,1
656,36,1,373,124,124-373,1
236,993,1,536,128,128-536,1
993,236,1,536,128,128-536,1
528,1430,1,129,139,139-129,1
1430,528,1,129,139,139-129,1
215,955,1,348,141,141-348,1
955,215,1,348,141,141-348,1
657,737,1,563,154,154-563,1
49,678,1,620,194,194-620,1
453,1325,1,295,215,215-295,1
1325,453,1,295,215,215-295,1
536,1447,1,265,229,229-265,1
1333,1334,1,196,230,230-196,1
1334,1333,1,196,230,230-196,1
95,1345,1,309,231,231-309,1
1345,95,1,309,231,231-309,1
149,837,1,228,237,237-228,1
837,149,1,228,237,237-228,1
475,1363,1,310,259,259-310,1
1363,475,1,310,259,259-310,1
1138,328,1,28,267,267-28,1
345,1157,1,413,280,280-413,1
1157,345,1,413,280,280-413,1
376,1198,1,330,281,281-330,1
1198,376,1,330,281,281-330,1
280,1054,1,211,285,285-211,1
1054,280,1,211,285,285-211,1
1451,542,1,180,286,286-180,1
175,883,1,289,305,305-289,1
883,175,1,289,305,305-289,1
24,632,1,617,311,311-617,1
632,24,1,617,311,311-617,1
78,719,1,522,328,328-522,1
719,78,1,522,328,328-522,1
427,1291,1,514,330,330-514,1
1291,427,1,514,330,330-514,1
256,1011,1,442,352,352-442,1
1011,256,1,442,352,352-442,1
368,1183,1,481,359,359-481,1
1183,368,1,481,359,359-481,1
217,959,1,43,361,361-43,1
830,144,1,473,363,363-473,1
1130,1131,1,55,377,377-55,1
1131,1130,1,55,377,377-55,1
145,833,1,321,380,380-321,1
833,145,1,321,380,380-321,1
373,1195,1,34,387,387-34,1
748,749,1,250,398,398-250,1
749,748,1,250,398,398-250,1
127,805,1,853,413,413-853,1
805,127,1,853,413,413-853,1
333,1140,1,140,431,431-140,1
117,788,1,90,449,449-90,1
788,117,1,90,449,449-90,1
431,1296,1,415,468,468-415,1
1296,431,1,415,468,468-415,1
378,1200,1,450,470,470-450,1
1200,378,1,450,470,470-450,1
185,899,1,165,484,484-165,1
899,185,1,165,484,484-165,1
627,21,1,407,496,496-407,1
288,1060,1,479,497,497-479,1
1060,288,1,479,497,497-479,1
839,151,1,289,502,502-289,1
1343,1043,1,174,503,503-174,1
307,1096,1,574,511,511-574,1
209,939,1,786,526,526-786,1
939,209,1,786,526,526-786,1
10,602,1,120,534,534-120,1
602,10,1,120,534,534-120,1
636,915,1,132,547,547-132,1
915,636,1,132,547,547-132,1
781,726,1,110,556,556-110,1
726,813,1,110,556,556-110,1
781,813,1,110,556,556-110,1
813,781,1,110,556,556-110,1
424,1285,1,308,556,556-308,1
1285,424,1,308,556,556-308,1
794,1017,1,409,557,557-409,1
1017,794,1,409,557,557-409,1
263,1016,1,63,557,557-63,1
1016,263,1,63,557,557-63,1
617,616,1,130,569,569-130,1
352,986,1,707,569,569-707,1
986,352,1,707,569,569-707,1
352,1164,1,707,569,569-707,1
352,1165,1,707,569,569-707,1
1165,352,1,707,569,569-707,1
986,1164,1,707,569,569-707,1
1164,986,1,707,569,569-707,1
986,1165,1,707,569,569-707,1
1164,1165,1,707,569,569-707,1
1165,1164,1,707,569,569-707,1
253,1092,1,232,572,572-232,1
1092,253,1,232,572,572-232,1
1465,555,1,371,576,576-371,1
470,1357,1,217,578,578-217,1
1357,470,1,217,578,578-217,1
1278,417,1,294,587,587-294,1
1224,1225,1,170,59,59-170,1
1225,1224,1,170,59,59-170,1
346,1158,1,120,608,608-120,1
161,855,1,120,619,619-120,1
855,161,1,120,619,619-120,1
643,1233,1,247,638,638-247,1
1233,643,1,247,638,638-247,1
1082,300,1,56,642,642-56,1
428,1292,1,632,643,643-632,1
1292,428,1,632,643,643-632,1
93,743,1,374,654,654-374,1
743,93,1,374,654,654-374,1
1197,1254,1,772,674,674-772,1
1254,1197,1,772,674,674-772,1
38,663,1,160,678,678-160,1
663,38,1,160,678,678-160,1
517,1412,1,179,695,695-179,1
1412,517,1,179,695,695-179,1
27,639,1,431,710,710-431,1
639,27,1,431,710,710-431,1
507,1396,1,522,720,720-522,1
1396,507,1,522,720,720-522,1
1318,447,1,106,722,722-106,1
89,739,1,435,727,727-435,1
739,89,1,435,727,727-435,1
160,854,1,531,732,732-531,1
55,684,1,432,740,740-432,1
1474,567,1,428,741,741-428,1
197,919,1,599,742,742-599,1
919,197,1,599,742,742-599,1
1244,394,1,180,762,762-180,1
1143,334,1,292,764,764-292,1
1372,493,1,23,81,81-23,1
273,1036,1,326,88,88-326,1
332,1139,1,139,97,97-139,1
6,737,0,721,154,154-721,1
9,609,0,821,731,731-821,1
14,803,0,852,404,404-852,1
16,1412,0,34,695,695-34,1
18,702,0,696,377,377-696,1
19,334,0,499,764,764-499,1
21,1483,0,407,751,751-407,1
22,1054,0,805,285,285-805,1
23,280,0,922,285,285-922,1
24,1096,0,617,511,511-617,1
27,659,0,431,121,121-431,1
44,424,0,374,556,556-374,1
47,204,0,184,501,501-184,1
49,1247,0,620,286,286-620,1
51,328,0,309,267,267-309,1
55,1233,0,432,638,638-432,1
58,363,0,145,309,309-145,1
61,21,0,687,496,496-687,1
65,1372,0,127,81,81-127,1
67,1198,0,56,281,281-56,1
68,258,0,697,671,671-697,1
80,333,0,43,431,431-43,1
83,381,0,502,700,700-502,1
85,1165,0,319,569,569-319,1
86,1198,0,815,281,281-815,1
89,1190,0,435,603,603-435,1
94,1177,0,46,674,674-46,1
96,703,0,230,596,596-230,1
100,1044,0,472,503,503-472,1
106,352,0,106,569,569-106,1
108,394,0,629,762,762-629,1
113,245,0,333,519,519-333,1
114,528,0,383,139,139-383,1
120,1190,0,56,603,603-56,1
125,1054,0,556,285,285-556,1
127,670,0,853,253,253-853,1
132,1165,0,422,569,569-422,1
133,458,0,99,234,234-99,1
137,394,0,610,762,762-610,1
139,963,0,691,523,523-691,1
140,1447,0,384,229,229-384,1
144,537,0,473,212,212-473,1
146,1315,0,846,381,381-846,1
147,783,0,90,483,483-90,1
148,843,0,578,145,145-578,1
149,1397,0,228,571,571-228,1
152,564,0,701,495,495-701,1
160,1318,0,531,722,722-531,1
172,181,0,877,79,79-877,1
177,1343,0,643,503,503-643,1
180,1465,0,34,576,576-34,1
181,334,0,729,764,764-729,1
183,772,0,489,429,429-489,1
187,177,0,401,723,723-401,1
194,1146,0,811,556,556-811,1
195,123,0,680,38,38-680,1
197,1275,0,599,571,571-599,1
202,141,0,134,514,514-134,1
212,657,0,490,154,154-490,1
215,506,0,348,525,525-348,1
216,453,0,863,215,215-863,1
218,453,0,402,215,215-402,1
222,575,0,601,591,591-601,1
223,1014,0,329,381,381-329,1
230,352,0,63,569,569-63,1
237,863,0,812,406,406-812,1
241,1174,0,857,307,307-857,1
242,416,0,520,543,543-520,1
246,923,0,189,437,437-189,1
247,678,0,676,194,194-676,1
260,245,0,380,519,519-380,1
270,761,0,537,351,351-537,1
272,510,0,666,487,487-666,1
274,132,0,338,372,372-338,1
279,837,0,944,237,237-944,1
281,382,0,893,204,204-893,1
284,911,0,580,497,497-580,1
290,1247,0,692,286,286-692,1
291,365,0,603,288,288-603,1
296,140,0,325,370,370-325,1
300,1158,0,56,608,608-56,1
302,678,0,268,194,194-268,1
319,300,0,120,642,642-120,1
321,1350,0,126,458,458-126,1
322,1247,0,340,286,286-340,1
326,520,0,328,16,16-328,1
327,1319,0,916,452,452-916,1
329,477,0,706,230,230-706,1
333,1196,0,140,89,89-140,1
337,150,0,344,568,568-344,1
339,475,0,920,259,259-920,1
340,352,0,233,569,569-233,1
341,185,0,926,484,484-926,1
348,566,0,726,421,421-726,1
351,1248,0,903,19,19-903,1
355,1038,0,894,359,359-894,1
360,323,0,699,146,146-699,1
365,185,0,120,484,484-120,1
371,984,0,895,445,445-895,1
375,27,0,913,710,710-913,1
376,1315,0,330,381,381-330,1
388,1096,0,614,511,511-614,1
395,934,0,717,644,644-717,1
398,808,0,424,596,596-424,1
413,888,0,513,59,59-513,1
418,604,0,823,396,396-823,1
419,1165,0,496,569,569-496,1
422,813,0,239,556,556-239,1
434,153,0,102,145,145-102,1
439,590,0,583,278,278-583,1
449,408,0,704,73,73-704,1
450,813,0,186,556,556-186,1
451,749,0,669,398,398-669,1
460,1017,0,404,557,557-404,1
461,502,0,377,232,232-377,1
463,681,0,828,455,455-828,1
467,1165,0,690,569,569-690,1
476,162,0,663,615,615-663,1
478,574,0,200,705,705-200,1
481,105,0,724,614,614-724,1
482,1396,0,710,720,720-710,1
483,34,0,383,479,479-383,1
488,160,0,942,732,732-942,1
490,1326,0,817,659,659-817,1
496,214,0,332,539,539-332,1
498,1017,0,343,557,557-343,1
507,257,0,522,9,9-522,1
523,604,0,639,396,396-639,1
525,993,0,56,128,128-56,1
531,408,0,230,73,73-230,1
533,349,0,906,636,636-906,1
538,33,0,933,499,499-933,1
544,1131,0,733,377,377-733,1
549,1198,0,457,281,281-457,1
552,1157,0,562,280,280-562,1
555,1233,0,371,638,638-371,1
556,691,0,859,445,445-859,1
558,911,0,109,497,497-109,1
561,1461,0,577,117,117-577,1
562,1091,0,318,571,571-318,1
564,551,0,683,576,576-683,1
565,551,0,834,576,576-834,1
567,1212,0,428,306,306-428,1
570,153,0,719,145,145-719,1
574,1082,0,429,642,642-429,1
576,854,0,841,732,732-841,1
580,839,0,679,502,502-679,1
583,263,0,658,557,557-658,1
586,1119,0,526,569,569-526,1
589,1350,0,400,458,458-400,1
593,1157,0,284,280,280-284,1
597,345,0,68,280,280-68,1
602,542,0,120,286,286-120,1
604,915,0,56,547,547-56,1
605,18,0,223,656,656-223,1
607,350,0,66,312,312-66,1
611,323,0,616,146,146-616,1
621,1037,0,499,101,101-499,1
624,339,0,860,606,606-860,1
625,373,0,39,387,387-39,1
627,763,0,407,403,403-407,1
630,784,0,43,412,412-43,1
633,992,0,406,763,763-406,1
638,1275,0,618,571,571-618,1
645,748,0,41,398,398-41,1
647,656,0,201,124,124-201,1
656,1386,0,373,121,121-373,1
658,715,0,787,436,436-787,1
664,446,0,584,761,761-584,1
666,1296,0,407,468,468-407,1
669,1147,0,585,606,606-585,1
671,1082,0,518,642,642-518,1
674,680,0,108,381,381-108,1
680,1117,0,102,467,467-102,1
685,901,0,133,571,571-133,1
687,739,0,145,727,727-145,1
688,92,0,100,551,551-100,1
690,431,0,99,468,468-99,1
692,307,0,408,511,511-408,1
694,865,0,824,717,717-824,1
695,328,0,99,267,267-99,1
705,663,0,469,678,678-469,1
706,1200,0,528,470,470-528,1
708,837,0,272,237,237-272,1
709,784,0,70,412,412-70,1
710,434,0,118,706,706-118,1
714,1325,0,950,215,215-950,1
718,1289,0,56,344,344-56,1
719,151,0,522,502,502-522,1
720,678,0,186,194,194-186,1
726,1405,0,110,399,399-110,1
729,127,0,754,413,413-754,1
731,794,0,794,557,557-794,1
737,1197,0,563,674,674-563,1
740,1165,0,58,569,569-58,1
744,1190,0,471,603,603-471,1
745,1484,0,43,751,751-43,1
748,360,0,250,563,563-250,1
750,741,0,504,441,441-504,1
754,345,0,621,280,280-621,1
757,1334,0,529,230,230-529,1
758,1230,0,472,421,421-472,1
760,236,0,783,128,128-783,1
761,1065,0,99,162,162-99,1
763,963,0,10,523,523-10,1
765,1013,0,230,465,465-230,1
766,1043,0,589,503,503-589,1
767,813,0,59,556,556-59,1
771,1291,0,530,330,330-530,1
772,626,0,300,526,526-300,1
775,639,0,81,710,710-81,1
781,1159,0,110,142,142-110,1
783,388,0,753,638,638-753,1
787,602,0,102,534,534-102,1
788,453,0,90,215,215-90,1
792,1452,0,56,538,538-56,1
793,729,0,226,0,0-226,1
794,1222,0,409,689,689-409,1
795,1362,0,915,660,660-915,1
797,1386,0,120,121,121-120,1
799,510,0,162,487,487-162,1
806,455,0,99,755,755-99,1
809,1267,0,203,366,366-203,1
813,426,0,110,26,26-110,1
815,1165,0,3,569,569-3,1
817,574,0,63,705,705-63,1
818,881,0,122,409,409-122,1
819,418,0,227,651,651-227,1
820,1060,0,287,497,497-287,1
823,1457,0,320,303,303-320,1
824,794,0,384,557,557-384,1
834,1335,0,802,687,687-802,1
846,1165,0,224,569,569-224,1
848,899,0,437,484,484-437,1
849,1487,0,18,591,591-18,1
852,1046,0,102,620,620-102,1
856,670,0,252,253,253-252,1
857,1011,0,163,352,352-163,1
859,1350,0,532,458,458-532,1
863,657,0,48,154,154-48,1
871,603,0,24,417,417-24,1
874,1224,0,229,59,59-229,1
875,1091,0,302,571,571-302,1
877,542,0,135,286,286-135,1
878,622,0,230,19,19-230,1
879,1033,0,507,571,571-507,1
882,181,0,508,79,79-508,1
884,1267,0,74,366,366-74,1
886,1250,0,303,306,306-303,1
890,939,0,206,526,526-206,1
893,1183,0,16,359,359-16,1
904,1315,0,43,381,381-43,1
909,649,0,148,638,638-148,1
911,1065,0,353,162,162-353,1
913,478,0,254,652,652-254,1
914,175,0,394,305,305-394,1
920,1242,0,278,387,387-278,1
934,217,0,258,361,361-258,1
937,181,0,509,79,79-509,1
940,1155,0,85,441,441-85,1
941,763,0,81,403,403-81,1
943,1014,0,386,381,381-386,1
946,114,0,60,618,618-60,1
954,749,0,387,398,398-387,1
956,1,0,388,294,294-388,1
958,883,0,533,305,305-533,1
960,1242,0,566,387,387-566,1
961,1254,0,355,674,674-355,1
967,670,0,187,253,253-187,1
970,1234,0,188,426,426-188,1
972,1029,0,48,381,381-48,1
973,1296,0,534,468,468-534,1
975,1199,0,194,353,353-194,1
978,1036,0,6,88,88-6,1
980,349,0,0,636,636-0,1
982,598,0,56,30,30-56,1
984,93,0,39,654,654-39,1
988,382,0,568,204,204-568,1
989,1423,0,569,596,596-569,1
990,616,0,209,569,569-209,1
995,520,0,19,16,16-19,1
996,258,0,19,671,671-19,1
1000,855,0,189,619,619-189,1
1002,964,0,86,510,510-86,1
1004,346,0,99,608,608-99,1
1005,458,0,210,234,234-210,1
1007,1209,0,739,387,387-739,1
1018,512,0,572,620,620-572,1
1021,445,0,358,258,258-358,1
1024,1096,0,511,511,511-511,1
1029,1085,0,305,727,727-305,1
1037,1343,0,444,503,503-444,1
1039,554,0,4,739,739-4,1
1041,175,0,104,305,305-104,1
1045,333,0,214,431,431-214,1
1047,1465,0,166,576,576-166,1
1052,678,0,77,194,194-77,1
1058,688,0,767,444,444-767,1
1061,1222,0,230,689,689-230,1
1063,64,0,253,630,630-253,1
1067,38,0,234,678,678-234,1
1073,935,0,799,364,364-799,1
1078,562,0,538,560,560-538,1
1079,659,0,137,121,121-137,1
1080,743,0,685,654,654-685,1
1081,542,0,109,286,286-109,1
1082,1144,0,56,419,419-56,1
1083,657,0,51,154,154-51,1
1086,1386,0,43,121,121-43,1
1088,609,0,5,731,731-5,1
1090,1265,0,686,332,332-686,1
1095,426,0,573,26,26-573,1
1098,1290,0,446,8,8-446,1
1101,72,0,25,500,500-25,1
1105,1195,0,47,387,387-47,1
1110,24,0,512,311,311-512,1
1112,742,0,391,197,197-391,1
1117,1397,0,539,571,571-539,1
1119,609,0,259,731,731-259,1
1124,805,0,392,413,413-392,1
1126,726,0,191,556,556-191,1
1127,1396,0,655,720,720-655,1
1132,1318,0,443,722,722-443,1
1138,783,0,28,483,483-28,1
1141,64,0,153,630,630-153,1
1146,883,0,800,305,305-800,1
1149,1294,0,54,160,160-54,1
1153,622,0,60,19,19-60,1
1158,1096,0,120,511,511-120,1
1160,352,0,540,569,569-540,1
1164,739,0,707,727,727-707,1
1168,338,0,192,131,131-192,1
1170,1435,0,575,230,230-575,1
1174,1487,0,133,591,591-133,1
1175,833,0,448,380,380-448,1
1179,352,0,393,569,569-393,1
1188,346,0,43,608,608-43,1
1189,643,0,213,638,638-213,1
1194,736,0,741,685,685-741,1
1196,201,0,624,342,342-624,1
1197,859,0,772,571,571-772,1
1198,923,0,330,437,437-330,1
1210,149,0,150,237,237-150,1
1213,417,0,141,587,587-141,1
1214,556,0,480,485,485-480,1
1215,790,0,331,381,381-331,1
1216,919,0,331,742,742-331,1
1217,1414,0,87,608,608-87,1
1224,632,0,170,311,311-170,1
1227,344,0,127,714,714-127,1
1228,751,0,829,767,767-829,1
1232,335,0,99,350,350-99,1
1244,1233,0,180,638,638-180,1
1246,859,0,521,571,571-521,1
1248,762,0,452,590,590-452,1
1250,215,0,63,141,141-63,1
1251,784,0,873,412,412-873,1
1258,627,0,280,496,496-280,1
1259,1361,0,128,234,234-128,1
1260,1386,0,543,121,121-543,1
1267,729,0,105,0,0-105,1
1269,822,0,52,0,0-52,1
1283,923,0,260,437,437-260,1
1292,273,0,632,88,88-632,1
1293,318,0,113,702,702-113,1
1295,1423,0,545,596,596-545,1
1301,1164,0,2,569,569-2,1
1306,1046,0,171,620,620-171,1
1308,1117,0,4,467,467-4,1
1311,934,0,74,644,644-74,1
1315,92,0,921,551,551-921,1
1316,1140,0,216,431,431-216,1
1317,788,0,216,449,449-216,1
1319,470,0,43,578,578-43,1
1322,1413,0,142,384,384-142,1
1325,1254,0,295,674,674-295,1
1326,1032,0,752,571,571-752,1
1329,664,0,99,554,554-99,1
1333,263,0,196,557,557-196,1
1339,940,0,628,561,561-628,1
1342,627,0,462,496,496-462,1
1344,613,0,175,400,400-175,1
1351,659,0,99,121,121-99,1
1357,352,0,217,569,569-217,1
1362,684,0,874,740,740-874,1
1363,1325,0,310,215,215-310,1
1367,1139,0,547,97,97-547,1
1375,899,0,548,484,484-548,1
1379,919,0,107,742,742-107,1
1382,18,0,197,656,656-197,1
1394,1092,0,316,572,572-316,1
1395,381,0,368,700,700-368,1
1400,286,0,311,150,150-311,1
1404,1474,0,595,741,741-595,1
1406,1350,0,264,458,458-264,1
1407,1398,0,230,8,8-230,1
1409,1165,0,178,569,569-178,1
1410,1217,0,454,438,438-454,1
1412,1362,0,179,660,660-179,1
1413,1196,0,761,89,89-761,1
1414,339,0,115,606,606-115,1
1420,910,0,640,576,576-640,1
1424,89,0,99,727,727-99,1
1425,60,0,312,512,512-312,1
1430,56,0,129,548,548-129,1
1431,1406,0,9,399,399-9,1
1432,335,0,516,350,350-516,1
1433,656,0,79,124,124-79,1
1434,470,0,136,578,578-136,1
1435,89,0,31,727,727-31,1
1438,1132,0,99,422,422-99,1
1444,963,0,8,523,523-8,1
1445,1197,0,8,674,674-8,1
1446,24,0,43,311,311-43,1
1447,1082,0,265,642,642-265,1
1448,49,0,456,194,194-456,1
1452,346,0,910,608,608-910,1
1455,1069,0,370,112,112-370,1
1456,913,0,804,234,234-804,1
1458,106,0,207,161,161-207,1
1460,763,0,199,403,403-199,1
1463,993,0,95,128,128-95,1
1465,1247,0,371,286,286-371,1
1470,999,0,889,735,735-889,1
1473,619,0,756,571,571-756,1
1475,956,0,162,638,638-162,1
1476,1157,0,418,280,280-418,1
1479,536,0,749,229,229-749,1
1481,1143,0,737,764,764-737,1
1483,656,0,876,124,124-876,1
1488,925,0,746,441,441-746,1
1492,240,0,466,612,612-466,1
1496,378,0,552,470,470-552,1
1497,817,0,825,313,313-825,1
1502,247,0,91,558,558-91,1
1505,1335,0,654,687,687-654,1
1507,437,0,284,596,596-284,1
1508,69,0,740,223,223-740,1
1510,227,0,120,51,51-120,1
1069,344,0,298,714,714-298,1
549,445,0,457,258,258-457,1
1173,656,0,844,124,124-844,1
1386,860,0,844,462,462-844,1
993,1294,0,536,160,160-536,1
383,833,0,113,380,380-113,1
1430,657,0,129,154,154-129,1
843,72,0,288,500,500-288,1
516,602,0,417,534,534-417,1
1411,428,0,417,643,643-417,1
957,1425,0,417,234,234-417,1
630,1131,0,43,377,377-43,1
487,106,0,453,161,161-453,1
223,1504,0,329,576,576-329,1
985,236,0,324,128,128-324,1
1042,532,0,324,243,243-324,1
143,177,0,101,723,723-101,1
828,428,0,101,643,643-101,1
1236,95,0,579,231,231-579,1
246,417,0,189,587,587-189,1
832,1414,0,663,608,608-663,1
453,684,0,295,740,740-295,1
1325,1184,0,295,620,620-295,1
686,1285,0,265,556,556-265,1
774,650,0,6,402,402-6,1
871,113,0,24,641,641-24,1
1008,384,0,149,386,386-149,1
759,901,0,119,571,571-119,1
128,784,0,351,412,412-351,1
641,1094,0,380,648,648-380,1
641,627,0,380,496,496-380,1
1333,1175,0,196,307,307-196,1
95,961,0,309,377,377-309,1
825,627,0,136,496,496-136,1
640,116,0,109,333,333-109,1
103,123,0,588,38,38-588,1
700,1196,0,19,89,89-19,1
996,122,0,19,675,675-19,1
996,160,0,19,732,732-19,1
1363,1017,0,310,557,557-310,1
441,24,0,171,311,311-171,1
110,555,0,887,576,576-887,1
1259,1278,0,128,587,587-128,1
1138,38,0,28,678,678-28,1
320,1412,0,93,695,695-93,1
1157,726,0,413,556,556-413,1
1054,1017,0,211,557,557-211,1
1204,106,0,230,161,161-230,1
220,453,0,304,215,215-304,1
889,691,0,120,445,445-120,1
667,929,0,140,154,154-140,1
841,1503,0,140,503,503-140,1
1489,372,0,56,603,603-56,1
1380,1038,0,56,359,359-56,1
1180,999,0,414,735,735-414,1
1269,116,0,52,333,333-52,1
422,479,0,239,27,27-239,1
41,187,0,585,103,103-585,1
78,475,0,522,259,259-522,1
427,1139,0,514,97,97-514,1
1187,1225,0,193,59,59-193,1
392,1423,0,755,596,596-755,1
1102,1043,0,480,503,503-480,1
484,34,0,480,479,479-480,1
1214,986,0,480,569,569-480,1
1214,318,0,480,702,702-480,1
1214,453,0,480,215,215-480,1
420,51,0,638,672,672-638,1
266,1242,0,257,387,387-257,1
1030,1076,0,257,401,401-257,1
256,859,0,442,571,571-442,1
1011,575,0,442,591,591-442,1
368,88,0,481,219,219-481,1
144,1218,0,473,585,585-473,1
1122,334,0,919,764,764-919,1
1123,627,0,919,496,496-919,1
145,598,0,321,30,30-321,1
833,160,0,321,732,732-321,1
373,247,0,34,558,558-34,1
1327,575,0,99,591,591-99,1
1328,263,0,99,557,557-99,1
333,851,0,140,413,413-140,1
411,477,0,543,230,230-543,1
1260,245,0,543,519,519-543,1
117,245,0,90,519,519-90,1
431,830,0,415,363,363-415,1
305,1315,0,412,381,381-412,1
523,949,0,639,767,767-639,1
981,555,0,233,576,576-233,1
288,256,0,479,352,352-479,1
839,39,0,289,555,555-289,1
405,553,0,773,701,701-773,1
1480,719,0,372,328,328-372,1
1223,519,0,56,384,384-56,1
1320,1195,0,186,387,387-186,1
1317,1164,0,216,569,569-216,1
45,395,0,108,173,173-108,1
602,400,0,120,337,337-120,1
313,177,0,512,723,723-512,1
781,149,0,110,237,237-110,1
878,49,0,230,194,194-230,1
1061,1184,0,230,620,620-230,1
1492,636,0,466,547,547-466,1
616,34,0,130,479,479-130,1
352,1404,0,707,422,422-707,1
1164,27,0,707,710,710-707,1
1165,1313,0,707,761,761-707,1
1092,1225,0,232,59,59-232,1
469,776,0,30,508,508-30,1
470,989,0,217,178,178-217,1
853,517,0,623,695,695-623,1
1475,1224,0,162,59,59-162,1
1186,689,0,162,526,526-162,1
1475,323,0,162,146,146-162,1
278,860,0,478,462,462-478,1
85,1043,0,319,503,503-319,1
40,884,0,407,446,446-407,1
182,1427,0,855,445,445-855,1
662,393,0,855,664,664-855,1
894,800,0,855,369,369-855,1
1167,72,0,102,500,500-102,1
704,855,0,529,619,619-529,1
757,1233,0,529,638,638-529,1
1031,1296,0,916,468,468-916,1
1137,131,0,916,571,571-916,1
134,554,0,806,739,739-806,1
16,748,0,34,398,398-34,1
643,955,0,247,141,141-247,1
605,1476,0,223,510,510-223,1
1216,788,0,331,449,449-331,1
300,598,0,56,30,30-56,1
1109,749,0,277,398,398-277,1
743,989,0,374,178,178-374,1
1113,316,0,21,82,82-21,1
645,417,0,41,587,587-41,1
1466,149,0,774,237,237-774,1
1080,781,0,685,556,556-685,1
1254,1292,0,772,643,643-772,1
38,249,0,160,503,503-160,1
1050,76,0,13,571,571-13,1
1208,1060,0,237,497,497-237,1
812,226,0,301,542,542-301,1
1412,1164,0,179,569,569-179,1
250,1291,0,99,330,330-99,1
250,808,0,99,596,596-99,1
1351,1361,0,99,234,234-99,1
1351,446,0,99,761,761-99,1
1004,763,0,99,403,403-99,1
1351,160,0,99,732,732-99,1
1384,688,0,99,444,444-99,1
593,609,0,284,731,731-284,1
265,659,0,111,121,121-111,1
683,1247,0,886,286,286-886,1
1396,639,0,522,710,710-522,1
413,1457,0,513,303,303-513,1
89,381,0,435,700,700-435,1
739,935,0,435,364,364-435,1
99,1029,0,622,381,381-622,1
755,1244,0,622,762,762-622,1
1145,204,0,748,501,501-748,1
55,1392,0,432,445,445-432,1
567,619,0,428,571,571-428,1
919,590,0,599,278,278-599,1
527,75,0,327,768,768-327,1
621,226,0,499,542,542-499,1
386,643,0,127,638,638-127,1
1227,116,0,127,333,333-127,1
1086,1164,0,43,569,569-43,1
1087,317,0,43,537,537-43,1
334,342,0,292,694,694-292,1
918,1054,0,66,285,285-66,1
1372,49,0,23,194,194-23,1
273,447,0,326,722,722-326,1
2,2,1,607,83,83-607,2
3,3,1,143,704,704-143,2
7,7,1,670,167,167-670,2
11,11,1,223,64,64-223,2
14,14,1,852,592,592-852,2
19,19,1,499,744,744-499,2
23,23,1,922,368,368-922,2
32,32,1,948,463,463-948,2
50,50,1,661,22,22-661,2
53,53,1,97,544,544-97,2
54,54,1,886,718,718-886,2
62,62,1,793,113,113-793,2
67,67,1,56,179,179-56,2
73,73,1,458,528,528-458,2
79,79,1,826,513,513-826,2
81,81,1,65,20,20-65,2
82,82,1,348,247,247-348,2
97,97,1,946,77,77-946,2
99,99,1,622,734,734-622,2
101,101,1,119,226,226-119,2
102,102,1,214,624,624-214,2
103,103,1,588,251,251-588,2
107,107,1,300,40,40-300,2
110,110,1,887,263,263-887,2
111,111,1,923,120,120-923,2
118,118,1,947,541,541-947,2
126,126,1,818,98,98-818,2
129,129,1,301,683,683-301,2
135,135,1,243,248,248-243,2
138,138,1,862,393,393-862,2
143,143,1,101,186,186-101,2
146,146,1,846,676,676-846,2
147,147,1,90,130,130-90,2
148,148,1,578,207,207-578,2
157,157,1,819,35,35-819,2
158,158,1,810,50,50-810,2
163,163,1,457,713,713-457,2
169,169,1,869,114,114-869,2
170,170,1,24,220,220-24,2
171,171,1,337,529,529-337,2
172,172,1,877,148,148-877,2
182,182,1,855,62,62-855,2
190,190,1,723,684,684-723,2
194,194,1,811,70,70-811,2
195,195,1,680,295,295-680,2
196,196,1,827,149,149-827,2
199,199,1,410,385,385-410,2
205,205,1,924,733,733-924,2
207,207,1,878,41,41-878,2
210,210,1,81,238,238-81,2
213,213,1,510,602,602-510,2
218,218,1,402,276,276-402,2
228,228,1,579,189,189-579,2
230,230,1,63,589,589-63,2
232,232,1,590,570,570-590,2
234,234,1,209,170,170-209,2
235,235,1,689,627,627-689,2
241,241,1,857,301,301-857,2
246,246,1,189,191,191-189,2
251,251,1,681,383,383-681,2
255,255,1,929,218,218-929,2
264,264,1,865,228,228-865,2
265,265,1,111,715,715-111,2
267,267,1,822,628,628-822,2
270,270,1,537,193,193-537,2
271,271,1,847,663,663-847,2
279,279,1,944,343,343-944,2
290,290,1,692,621,621-692,2
301,301,1,390,242,242-390,2
302,302,1,268,292,292-268,2
305,305,1,412,474,474-412,2
306,306,1,711,21,21-711,2
312,312,1,881,159,159-881,2
319,319,1,120,693,693-120,2
321,321,1,126,137,137-126,2
325,325,1,463,304,304-463,2
326,326,1,328,721,721-328,2
351,351,1,903,282,282-903,2
353,353,1,182,206,206-182,2
355,355,1,894,552,552-894,2
357,357,1,674,125,125-674,2
359,359,1,464,3,3-464,2
364,364,1,703,151,151-703,2
371,371,1,895,284,284-895,2
377,377,1,869,104,104-869,2
380,380,1,656,649,649-656,2
386,386,1,127,757,757-127,2
390,390,1,221,650,650-221,2
391,391,1,341,623,623-341,2
392,392,1,755,341,341-755,2
399,399,1,545,202,202-545,2
406,406,1,280,84,84-280,2
409,409,1,128,265,265-128,2
414,414,1,730,391,391-730,2
415,415,1,695,310,310-695,2
421,421,1,55,493,493-55,2
423,423,1,102,293,293-102,2
441,441,1,171,261,261-171,2
449,449,1,704,559,559-704,2
457,457,1,256,746,746-256,2
460,460,1,404,415,415-404,2
463,463,1,828,126,126-828,2
464,464,1,241,274,274-241,2
466,466,1,884,236,236-884,2
467,467,1,690,668,668-690,2
472,472,1,927,625,625-927,2
483,483,1,383,4,4-383,2
484,484,1,480,345,345-480,2
485,485,1,647,133,133-647,2
488,488,1,942,355,355-942,2
490,490,1,817,138,138-817,2
498,498,1,343,46,46-343,2
504,504,1,897,250,250-897,2
508,508,1,177,488,488-177,2
509,509,1,945,80,80-945,2
514,514,1,379,172,172-379,2
515,515,1,99,416,416-99,2
518,518,1,416,489,489-416,2
527,527,1,327,743,743-327,2
534,534,1,736,318,318-736,2
538,538,1,933,269,269-933,2
544,544,1,733,428,428-733,2
547,547,1,727,283,283-727,2
548,548,1,199,461,461-199,2
550,550,1,939,42,42-939,2
559,559,1,780,507,507-780,2
565,565,1,834,564,564-834,2
572,572,1,918,85,85-918,2
576,576,1,841,115,115-841,2
579,579,1,525,135,135-525,2
585,585,1,498,203,203-498,2
586,586,1,526,56,56-526,2
587,587,1,835,110,110-835,2
594,594,1,899,169,169-899,2
597,597,1,68,169,169-68,2
599,599,1,140,167,167-140,2
605,605,1,223,64,64-223,2
606,606,1,785,579,579-785,2
607,607,1,66,55,55-66,2
610,610,1,852,592,592-852,2
621,621,1,499,744,744-499,2
628,628,1,131,64,64-131,2
629,629,1,183,191,191-183,2
631,631,1,324,167,167-324,2
641,641,1,380,228,228-380,2
646,646,1,74,63,63-74,2
647,647,1,201,40,40-201,2
648,648,1,27,78,78-27,2
653,653,1,654,629,629-654,2
662,662,1,855,62,62-855,2
667,667,1,140,302,302-140,2
671,671,1,518,378,378-518,2
672,672,1,382,167,167-382,2
676,676,1,347,167,167-347,2
685,685,1,133,122,122-133,2
701,701,1,56,179,179-56,2
704,704,1,529,629,629-529,2
706,706,1,528,239,239-528,2
708,708,1,272,167,167-272,2
711,711,1,146,460,460-146,2
713,713,1,161,261,261-161,2
714,714,1,950,62,62-950,2
716,716,1,587,167,167-587,2
717,717,1,185,493,493-185,2
718,718,1,56,302,302-56,2
723,723,1,348,247,247-348,2
725,725,1,249,189,189-249,2
730,730,1,92,94,94-92,2
731,731,1,794,715,715-794,2
733,733,1,71,170,170-71,2
744,744,1,471,179,179-471,2
747,747,1,68,169,169-68,2
752,752,1,63,193,193-63,2
755,755,1,622,734,734-622,2
757,757,1,529,629,629-529,2
759,759,1,119,226,226-119,2
760,760,1,783,715,715-783,2
764,764,1,588,251,251-588,2
765,765,1,230,599,599-230,2
773,773,1,887,263,263-887,2
777,777,1,225,460,460-225,2
778,778,1,654,629,629-654,2
779,779,1,564,167,167-564,2
789,789,1,766,541,541-766,2
795,795,1,915,629,629-915,2
798,798,1,653,78,78-653,2
804,804,1,98,55,55-98,2
812,812,1,301,683,683-301,2
815,815,1,3,434,434-3,2
818,818,1,122,254,254-122,2
825,825,1,136,236,236-136,2
826,826,1,256,228,228-256,2
827,827,1,256,228,228-256,2
828,828,1,101,186,186-101,2
835,835,1,204,493,493-204,2
840,840,1,99,302,302-99,2
841,841,1,140,302,302-140,2
844,844,1,519,296,296-519,2
848,848,1,437,167,167-437,2
856,856,1,252,167,167-252,2
862,862,1,84,64,64-84,2
864,864,1,322,266,266-322,2
871,871,1,24,220,220-24,2
875,875,1,302,170,170-302,2
876,876,1,99,530,530-99,2
880,880,1,476,184,184-476,2
889,889,1,120,302,302-120,2
898,898,1,88,55,55-88,2
905,905,1,273,627,627-273,2
906,906,1,934,629,629-934,2
909,909,1,148,218,218-148,2
914,914,1,394,58,58-394,2
926,926,1,152,21,21-152,2
927,927,1,290,167,167-290,2
933,933,1,441,457,457-441,2
938,938,1,50,21,21-50,2
941,941,1,81,167,167-81,2
943,943,1,386,184,184-386,2
944,944,1,63,392,392-63,2
947,947,1,510,486,486-510,2
950,950,1,908,629,629-908,2
951,951,1,207,167,167-207,2
952,952,1,208,189,189-208,2
958,958,1,533,200,200-533,2
960,960,1,566,655,655-566,2
962,962,1,356,40,40-356,2
969,969,1,357,167,167-357,2
970,970,1,188,190,190-188,2
975,975,1,194,64,64-194,2
978,978,1,6,218,218-6,2
987,987,1,590,570,570-590,2
990,990,1,209,170,170-209,2
997,997,1,127,302,302-127,2
1000,1000,1,189,191,191-189,2
1001,1001,1,249,189,189-249,2
1003,1003,1,480,410,410-480,2
1008,1008,1,149,221,221-149,2
1009,1009,1,149,221,221-149,2
1010,1010,1,477,64,64-477,2
1018,1018,1,572,64,64-572,2
1020,1020,1,443,40,40-443,2
1021,1021,1,358,102,102-358,2
1022,1022,1,744,218,218-744,2
1024,1024,1,511,414,414-511,2
1028,1028,1,111,715,715-111,2
1031,1031,1,916,629,629-916,2
1035,1035,1,537,193,193-537,2
1041,1041,1,104,64,64-104,2
1042,1042,1,324,167,167-324,2
1045,1045,1,214,577,577-214,2
1049,1049,1,813,718,718-813,2
1051,1051,1,798,236,236-798,2
1062,1062,1,66,21,21-66,2
1064,1064,1,654,635,635-654,2
1066,1066,1,167,221,221-167,2
1067,1067,1,234,488,488-234,2
1068,1068,1,150,488,488-150,2
1070,1070,1,190,137,137-190,2
1071,1071,1,151,167,167-151,2
1073,1073,1,799,21,21-799,2
1077,1077,1,63,228,228-63,2
1084,1084,1,390,188,188-390,2
1090,1090,1,686,218,218-686,2
1093,1093,1,412,474,474-412,2
1097,1097,1,112,40,40-112,2
1099,1099,1,174,58,58-174,2
1102,1102,1,480,345,345-480,2
1103,1103,1,168,58,58-168,2
1105,1105,1,47,255,255-47,2
1106,1106,1,120,302,302-120,2
1111,1111,1,64,218,218-64,2
1112,1112,1,391,78,78-391,2
1115,1115,1,768,442,442-768,2
1118,1118,1,636,680,680-636,2
1121,1121,1,327,743,743-327,2
1122,1122,1,919,37,37-919,2
1123,1123,1,919,37,37-919,2
1125,1125,1,68,218,218-68,2
1126,1126,1,191,167,167-191,2
1128,1128,1,72,21,21-72,2
1133,1133,1,11,588,588-11,2
1135,1135,1,328,721,721-328,2
1137,1137,1,916,629,629-916,2
1151,1151,1,40,222,222-40,2
1153,1153,1,60,629,629-60,2
1154,1154,1,235,488,488-235,2
1161,1161,1,801,236,236-801,2
1166,1166,1,278,191,191-278,2
1167,1167,1,102,629,629-102,2
1168,1168,1,192,189,189-192,2
1185,1185,1,449,183,183-449,2
1187,1187,1,193,335,335-193,2
1191,1191,1,777,715,715-777,2
1192,1192,1,126,206,206-126,2
1202,1202,1,656,649,649-656,2
1205,1205,1,106,218,218-106,2
1206,1206,1,541,629,629-541,2
1210,1210,1,150,493,493-150,2
1219,1219,1,120,302,302-120,2
1226,1226,1,542,469,469-542,2
1228,1228,1,829,78,78-829,2
1236,1236,1,579,189,189-579,2
1238,1238,1,789,469,469-789,2
1240,1240,1,221,650,650-221,2
1243,1243,1,755,341,341-755,2
1245,1245,1,157,167,167-157,2
1249,1249,1,195,493,493-195,2
1256,1256,1,664,167,167-664,2
1258,1258,1,280,63,63-280,2
1259,1259,1,128,265,265-128,2
1263,1263,1,778,391,391-778,2
1264,1264,1,778,391,391-778,2
1266,1266,1,778,391,391-778,2
1268,1268,1,791,715,715-791,2
1269,1269,1,52,310,310-52,2
1270,1270,1,52,310,310-52,2
1271,1271,1,544,133,133-544,2
1277,1277,1,214,302,302-214,2
1281,1281,1,55,493,493-55,2
1283,1283,1,260,167,167-260,2
1284,1284,1,102,179,179-102,2
1298,1298,1,114,66,66-114,2
1305,1305,1,106,228,228-106,2
1306,1306,1,171,261,261-171,2
1310,1310,1,141,509,509-141,2
1314,1314,1,366,172,172-366,2
1321,1321,1,394,58,58-394,2
1324,1324,1,545,167,167-545,2
1327,1327,1,99,40,40-99,2
1328,1328,1,99,40,40-99,2
1329,1329,1,99,40,40-99,2
1331,1331,1,29,94,94-29,2
1332,1332,1,39,599,599-39,2
1337,1337,1,173,167,167-173,2
1339,1339,1,628,75,75-628,2
1346,1346,1,241,167,167-241,2
1352,1352,1,72,21,21-72,2
1369,1369,1,588,629,629-588,2
1376,1376,1,88,78,78-88,2
1377,1377,1,125,316,316-125,2
1380,1380,1,56,302,302-56,2
1382,1382,1,197,78,78-197,2
1390,1390,1,263,40,40-263,2
1399,1399,1,177,450,450-177,2
1402,1402,1,416,78,78-416,2
1408,1408,1,193,228,228-193,2
1409,1409,1,178,271,271-178,2
1410,1410,1,454,40,40-454,2
1416,1416,1,66,95,95-66,2
1420,1420,1,640,64,64-640,2
1433,1433,1,79,193,193-79,2
1434,1434,1,136,236,236-136,2
1440,1440,1,480,345,345-480,2
1441,1441,1,380,228,228-380,2
1442,1442,1,380,228,228-380,2
1444,1444,1,8,208,208-8,2
1445,1445,1,8,208,208-8,2
1449,1449,1,143,167,167-143,2
1458,1458,1,207,167,167-207,2
1460,1460,1,199,170,170-199,2
1464,1464,1,102,629,629-102,2
1469,1469,1,144,40,40-144,2
1477,1477,1,79,509,509-79,2
1479,1479,1,749,341,341-749,2
1482,1482,1,483,167,167-483,2
1489,1489,1,56,302,302-56,2
1495,1495,1,314,715,715-314,2
1498,1498,1,283,167,167-283,2
1505,1505,1,654,629,629-654,2
1506,1506,1,940,532,532-940,2
951,1458,1,207,167,167-207,2
631,985,1,324,167,167-324,2
985,631,1,324,167,167-324,2
631,1042,1,324,167,167-324,2
985,1042,1,324,167,167-324,2
1042,985,1,324,167,167-324,2
597,747,1,68,169,169-68,2
747,597,1,68,169,169-68,2
234,990,1,209,170,170-209,2
990,234,1,209,170,170-209,2
701,67,1,56,179,179-56,2
173,880,1,476,184,184-476,2
880,173,1,476,184,184-476,2
143,828,1,101,186,186-101,2
725,1001,1,249,189,189-249,2
1001,725,1,249,189,189-249,2
228,1236,1,579,189,189-579,2
1236,228,1,579,189,189-579,2
224,970,1,188,190,190-188,2
970,224,1,188,190,190-188,2
246,1000,1,189,191,191-189,2
270,1035,1,537,193,193-537,2
1035,270,1,537,193,193-537,2
1444,1445,1,8,208,208-8,2
1128,1352,1,72,21,21-72,2
1352,1128,1,72,21,21-72,2
774,978,1,6,218,218-6,2
978,774,1,6,218,218-6,2
170,871,1,24,220,220-24,2
871,170,1,24,220,220-24,2
1009,1008,1,149,221,221-149,2
101,759,1,119,226,226-119,2
759,101,1,119,226,226-119,2
826,827,1,256,228,228-256,2
827,826,1,256,228,228-256,2
1441,641,1,380,228,228-380,2
1442,641,1,380,228,228-380,2
1441,1442,1,380,228,228-380,2
1442,1441,1,380,228,228-380,2
1434,825,1,136,236,236-136,2
82,723,1,348,247,247-348,2
723,82,1,348,247,247-348,2
103,764,1,588,251,251-588,2
764,103,1,588,251,251-588,2
441,1306,1,171,261,261-171,2
1306,441,1,171,261,261-171,2
110,773,1,887,263,263-887,2
409,1259,1,128,265,265-128,2
1259,409,1,128,265,265-128,2
1409,513,1,178,271,271-178,2
154,844,1,519,296,296-519,2
844,154,1,519,296,296-519,2
889,1106,1,120,302,302-120,2
1106,889,1,120,302,302-120,2
889,1219,1,120,302,302-120,2
1219,889,1,120,302,302-120,2
1219,1106,1,120,302,302-120,2
667,841,1,140,302,302-140,2
841,667,1,140,302,302-140,2
718,1380,1,56,302,302-56,2
1380,718,1,56,302,302-56,2
718,1489,1,56,302,302-56,2
1489,718,1,56,302,302-56,2
1380,1489,1,56,302,302-56,2
1489,1380,1,56,302,302-56,2
369,1187,1,193,335,335-193,2
1187,369,1,193,335,335-193,2
1243,392,1,755,341,341-755,2
484,1102,1,480,345,345-480,2
484,1214,1,480,345,345-480,2
1214,484,1,480,345,345-480,2
484,1365,1,480,345,345-480,2
1365,484,1,480,345,345-480,2
1440,484,1,480,345,345-480,2
1102,1214,1,480,345,345-480,2
1214,1102,1,480,345,345-480,2
1102,1365,1,480,345,345-480,2
1365,1102,1,480,345,345-480,2
1102,1440,1,480,345,345-480,2
1440,1102,1,480,345,345-480,2
1214,1365,1,480,345,345-480,2
1214,1440,1,480,345,345-480,2
1440,1214,1,480,345,345-480,2
1365,1440,1,480,345,345-480,2
1440,1365,1,480,345,345-480,2
1122,1123,1,919,37,37-919,2
1123,1122,1,919,37,37-919,2
43,671,1,518,378,378-518,2
671,43,1,518,378,378-518,2
1263,1264,1,778,391,391-778,2
1264,1263,1,778,391,391-778,2
1263,1266,1,778,391,391-778,2
1266,1263,1,778,391,391-778,2
1264,1266,1,778,391,391-778,2
546,1455,1,370,392,392-370,2
1455,546,1,370,392,392-370,2
1327,1328,1,99,40,40-99,2
1328,1327,1,99,40,40-99,2
1327,1329,1,99,40,40-99,2
1329,1327,1,99,40,40-99,2
1328,1329,1,99,40,40-99,2
1329,1328,1,99,40,40-99,2
203,933,1,441,457,457-441,2
933,203,1,441,457,457-441,2
305,1093,1,412,474,474-412,2
1093,305,1,412,474,474-412,2
343,1068,1,150,488,488-150,2
1068,343,1,150,488,488-150,2
1211,1249,1,195,493,493-195,2
1249,1211,1,195,493,493-195,2
421,1281,1,55,493,493-55,2
1281,421,1,55,493,493-55,2
232,987,1,590,570,570-590,2
987,232,1,590,570,570-590,2
914,1321,1,394,58,58-394,2
1321,914,1,394,58,58-394,2
14,610,1,852,592,592-852,2
610,14,1,852,592,592-852,2
662,182,1,855,62,62-855,2
182,894,1,855,62,62-855,2
894,182,1,855,62,62-855,2
662,894,1,855,62,62-855,2
894,662,1,855,62,62-855,2
787,1167,1,102,629,629-102,2
787,1464,1,102,629,629-102,2
1464,787,1,102,629,629-102,2
1167,1464,1,102,629,629-102,2
1464,1167,1,102,629,629-102,2
704,757,1,529,629,629-529,2
757,704,1,529,629,629-529,2
653,778,1,654,629,629-654,2
778,653,1,654,629,629-654,2
653,1104,1,654,629,629-654,2
1505,653,1,654,629,629-654,2
1104,778,1,654,629,629-654,2
1505,778,1,654,629,629-654,2
1104,1505,1,654,629,629-654,2
1505,1104,1,654,629,629-654,2
1031,327,1,916,629,629-916,2
327,1137,1,916,629,629-916,2
1137,327,1,916,629,629-916,2
1031,1137,1,916,629,629-916,2
1137,1031,1,916,629,629-916,2
11,605,1,223,64,64-223,2
605,11,1,223,64,64-223,2
1215,1216,1,331,64,64-331,2
380,1202,1,656,649,649-656,2
1202,380,1,656,649,649-656,2
390,1240,1,221,650,650-221,2
1240,390,1,221,650,650-221,2
129,812,1,301,683,683-301,2
812,129,1,301,683,683-301,2
265,1028,1,111,715,715-111,2
54,683,1,886,718,718-886,2
683,54,1,886,718,718-886,2
326,1135,1,328,721,721-328,2
755,99,1,622,734,734-622,2
527,1121,1,327,743,743-327,2
1121,527,1,327,743,743-327,2
19,621,1,499,744,744-499,2
621,19,1,499,744,744-499,2
386,1227,1,127,757,757-127,2
1227,386,1,127,757,757-127,2
918,1383,1,66,78,78-66,2
1383,918,1,66,78,78-66,2
1,1281,0,333,493,493-333,2
5,950,0,56,629,629-56,2
11,1167,0,223,629,629-223,2
12,50,0,61,22,22-61,2
25,54,0,484,718,718-484,2
33,1328,0,911,40,40-911,2
39,1455,0,517,392,392-517,2
40,1236,0,407,189,189-407,2
42,265,0,693,715,715-693,2
45,147,0,108,130,130-108,2
46,1479,0,555,341,341-555,2
56,386,0,665,757,757-665,2
63,662,0,941,62,62-941,2
70,631,0,608,167,167-608,2
72,662,0,486,62,62-486,2
77,319,0,420,693,693-420,2
79,1259,0,826,265,265-826,2
84,777,0,901,460,460-901,2
88,978,0,421,218,218-421,2
92,1229,0,335,167,167-335,2
98,610,0,336,592,592-336,2
107,941,0,300,167,167-300,2
110,1227,0,887,757,757-887,2
115,224,0,609,190,190-609,2
119,1416,0,735,95,95-735,2
123,1133,0,63,588,588-63,2
131,267,0,597,628,628-597,2
141,325,0,41,304,304-41,2
150,1187,0,99,335,335-99,2
153,641,0,288,228,228-288,2
155,547,0,725,283,283-725,2
157,711,0,819,460,460-819,2
162,186,0,43,211,211-43,2
167,170,0,181,220,220-181,2
168,717,0,606,493,493-606,2
175,889,0,289,302,302-289,2
176,1219,0,303,302,302-303,2
178,826,0,471,228,228-471,2
186,1126,0,892,167,167-892,2
189,1102,0,376,345,345-376,2
190,987,0,723,570,570-723,2
192,369,0,936,335,335-936,2
198,457,0,137,746,746-137,2
203,302,0,441,292,292-441,2
205,1266,0,924,391,391-924,2
208,1329,0,557,40,40-557,2
211,1001,0,230,189,189-230,2
219,579,0,864,135,135-864,2
220,97,0,304,77,77-304,2
221,359,0,600,3,3-600,2
224,943,0,188,184,184-188,2
231,73,0,270,528,528-270,2
236,1409,0,536,271,271-536,2
239,1243,0,110,341,341-110,2
240,685,0,644,122,122-644,2
248,1440,0,86,345,345-86,2
252,228,0,757,189,189-757,2
253,698,0,232,86,86-232,2
259,920,0,930,170,170-930,2
264,265,0,865,715,715-865,2
268,7,0,491,167,167-491,2
273,918,0,326,78,78-326,2
294,164,0,631,75,75-631,2
304,415,0,462,310,310-462,2
305,50,0,412,22,22-412,2
309,1418,0,66,167,167-66,2
310,279,0,63,343,343-63,2
313,312,0,512,159,159-512,2
314,1031,0,667,629,629-667,2
315,1270,0,582,310,310-582,2
320,265,0,93,715,715-93,2
324,757,0,673,629,629-673,2
325,933,0,463,457,457-463,2
328,1266,0,28,391,391-28,2
331,1009,0,882,221,221-882,2
338,1346,0,613,167,167-613,2
342,1009,0,715,221,221-715,2
346,14,0,120,592,592-120,2
347,631,0,540,167,167-540,2
349,778,0,902,629,629-902,2
354,985,0,246,167,167-246,2
356,1121,0,236,743,743-236,2
364,718,0,703,302,302-703,2
368,386,0,481,757,757-481,2
370,755,0,848,734,734-848,2
373,804,0,34,55,55-34,2
377,894,0,869,62,62-869,2
381,126,0,668,98,98-668,2
382,129,0,904,683,683-904,2
385,1270,0,56,310,310-56,2
394,606,0,180,579,579-180,2
399,369,0,545,335,335-545,2
402,490,0,362,138,138-362,2
403,289,0,298,336,336-298,2
405,518,0,773,489,489-773,2
408,67,0,949,179,179-949,2
409,1266,0,128,391,391-128,2
416,757,0,626,629,629-626,2
420,11,0,638,64,64-638,2
421,754,0,55,78,78-55,2
425,856,0,449,167,167-449,2
427,1440,0,514,345,345-514,2
428,1001,0,632,189,189-632,2
429,23,0,318,368,368-318,2
430,933,0,646,457,457-646,2
432,990,0,796,170,170-796,2
435,326,0,281,721,721-281,2
436,3,0,465,704,704-465,2
440,631,0,364,167,167-364,2
441,538,0,171,269,269-171,2
446,1135,0,56,721,721-56,2
448,392,0,833,341,341-833,2
454,392,0,494,341,341-494,2
457,267,0,256,628,628-256,2
464,734,0,241,167,167-241,2
465,716,0,496,167,167-496,2
470,747,0,217,169,169-217,2
474,1219,0,426,302,302-426,2
484,1068,0,480,488,488-480,2
485,826,0,647,228,228-647,2
486,353,0,604,206,206-604,2
501,1477,0,728,509,509-728,2
503,518,0,938,489,489-938,2
506,1506,0,615,532,532-615,2
515,1031,0,99,629,629-99,2
517,111,0,179,120,120-179,2
522,234,0,344,170,170-344,2
526,99,0,457,734,734-457,2
528,1498,0,129,167,167-129,2
532,1028,0,870,715,715-870,2
534,527,0,736,743,743-736,2
535,1445,0,850,208,208-850,2
537,825,0,427,236,236-427,2
539,246,0,917,191,191-917,2
541,1191,0,782,715,715-782,2
542,1455,0,180,392,392-180,2
557,312,0,774,159,159-774,2
566,1258,0,62,63,63-62,2
568,279,0,107,343,343-107,2
569,844,0,372,296,296-372,2
584,43,0,914,378,378-914,2
587,947,0,835,486,486-835,2
594,11,0,899,64,64-899,2
606,1214,0,785,345,345-785,2
609,182,0,842,62,62-842,2
612,683,0,285,718,718-285,2
615,1219,0,751,302,302-751,2
622,1415,0,430,581,581-430,2
623,484,0,99,345,345-99,2
634,509,0,484,80,80-484,2
635,1352,0,635,21,21-635,2
637,19,0,1,744,744-1,2
639,1365,0,431,345,345-431,2
640,757,0,109,629,629-109,2
641,1031,0,380,629,629-380,2
648,1420,0,27,64,64-27,2
649,1455,0,659,392,392-659,2
650,856,0,248,167,167-248,2
651,990,0,619,170,170-619,2
659,1352,0,271,21,21-271,2
661,1031,0,501,629,629-501,2
662,488,0,855,355,355-855,2
665,1324,0,83,167,167-83,2
670,513,0,468,271,271-468,2
673,653,0,907,629,629-907,2
689,760,0,527,715,715-527,2
693,947,0,684,486,486-684,2
696,50,0,651,22,22-651,2
697,265,0,43,715,715-43,2
701,457,0,56,746,746-56,2
707,734,0,586,167,167-586,2
717,820,0,185,66,66-185,2
730,1122,0,92,37,37-92,2
732,1137,0,319,629,629-319,2
741,110,0,120,263,263-120,2
746,224,0,14,190,190-14,2
762,392,0,224,341,341-224,2
770,1328,0,350,40,40-350,2
779,1062,0,564,21,21-564,2
782,154,0,383,296,296-383,2
784,795,0,127,629,629-127,2
796,902,0,4,392,392-4,2
800,826,0,121,228,228-121,2
803,1126,0,430,167,167-430,2
804,951,0,98,167,167-98,2
807,305,0,75,474,474-75,2
810,1023,0,506,442,442-506,2
826,1154,0,256,488,488-256,2
828,1270,0,101,310,310-101,2
829,1380,0,352,302,302-352,2
833,1226,0,321,469,469-321,2
842,550,0,99,42,42-99,2
845,1440,0,836,345,345-836,2
850,970,0,79,190,190-79,2
860,597,0,43,169,169-43,2
862,1489,0,84,302,302-84,2
865,336,0,797,319,319-797,2
867,355,0,385,552,552-385,2
876,607,0,99,55,55-99,2
881,232,0,172,570,570-172,2
891,585,0,854,203,203-854,2
894,99,0,855,734,734-855,2
897,1137,0,164,629,629-164,2
901,409,0,231,265,265-231,2
902,265,0,76,715,715-76,2
903,490,0,43,138,138-43,2
905,1409,0,273,271,271-273,2
907,723,0,102,247,247-102,2
918,1455,0,66,392,392-66,2
921,353,0,17,206,206-17,2
926,1151,0,152,222,222-152,2
932,978,0,440,218,218-440,2
939,1458,0,786,167,167-786,2
944,7,0,63,167,167-63,2
947,765,0,510,599,599-510,2
949,11,0,354,64,64-354,2
952,1283,0,208,167,167-208,2
955,1024,0,348,414,414-348,2
964,1128,0,256,21,21-256,2
966,265,0,629,715,715-629,2
969,423,0,357,293,293-357,2
993,606,0,536,579,579-536,2
1009,1270,0,149,310,310-149,2
1012,1042,0,44,167,167-44,2
1015,1418,0,571,167,167-571,2
1017,1482,0,409,167,167-409,2
1019,1263,0,814,391,391-814,2
1023,631,0,758,167,167-758,2
1028,871,0,111,220,220-111,2
1030,1442,0,257,228,228-257,2
1034,133,0,70,254,254-70,2
1036,605,0,326,64,64-326,2
1040,138,0,291,393,393-291,2
1042,958,0,324,200,200-324,2
1044,321,0,306,137,137-306,2
1049,951,0,813,167,167-813,2
1051,1382,0,798,78,78-798,2
1053,825,0,445,236,236-445,2
1055,1306,0,258,261,261-258,2
1059,815,0,136,434,434-136,2
1060,774,0,479,218,218-479,2
1064,1377,0,654,316,316-654,2
1066,1115,0,167,442,442-167,2
1068,631,0,150,167,167-150,2
1070,730,0,190,94,94-190,2
1071,1440,0,151,345,345-151,2
1072,1104,0,179,629,629-179,2
1074,324,0,767,588,588-767,2
1077,1214,0,63,345,345-63,2
1091,1271,0,124,133,133-124,2
1092,1106,0,232,302,302-232,2
1094,488,0,837,355,355-837,2
1103,1220,0,168,167,167-168,2
1104,754,0,654,78,78-654,2
1107,81,0,63,20,20-63,2
1108,1441,0,277,228,228-277,2
1113,309,0,21,255,255-21,2
1116,1506,0,138,532,532-138,2
1120,1433,0,93,193,193-93,2
1122,182,0,919,62,62-919,2
1123,325,0,919,304,304-919,2
1130,1001,0,55,189,189-55,2
1134,67,0,99,179,179-99,2
1137,301,0,916,242,242-916,2
1155,1090,0,593,218,218-593,2
1162,1266,0,329,391,391-329,2
1163,1328,0,360,40,40-360,2
1165,301,0,707,242,242-707,2
1171,1390,0,162,40,40-162,2
1173,840,0,844,302,302-844,2
1178,429,0,99,442,442-99,2
1181,544,0,237,428,428-237,2
1184,1328,0,279,40,40-279,2
1191,773,0,777,263,263-777,2
1199,194,0,442,70,70-442,2
1201,1137,0,482,629,629-482,2
1203,1489,0,909,302,302-909,2
1206,1187,0,541,335,335-541,2
1208,309,0,237,255,255-237,2
1220,62,0,238,113,113-238,2
1223,1073,0,56,21,21-56,2
1225,1215,0,170,64,64-170,2
1239,1191,0,293,715,715-293,2
1245,1077,0,157,228,228-157,2
1247,987,0,637,570,570-637,2
1253,1042,0,362,167,167-362,2
1257,544,0,773,428,428-773,2
1266,99,0,778,734,734-778,2
1268,716,0,791,167,167-791,2
1273,1352,0,99,21,21-99,2
1275,906,0,803,629,629-803,2
1276,1216,0,82,64,64-82,2
1278,1441,0,294,228,228-294,2
1280,527,0,660,743,743-660,2
1289,1170,0,745,680,680-745,2
1300,631,0,281,167,167-281,2
1304,1202,0,364,649,649-364,2
1307,778,0,115,629,629-115,2
1324,170,0,545,220,220-545,2
1330,1240,0,65,650,650-65,2
1335,958,0,896,200,200-896,2
1337,235,0,173,627,627-173,2
1338,755,0,627,734,734-627,2
1341,1311,0,395,218,218-395,2
1343,970,0,174,190,190-174,2
1345,714,0,309,62,62-309,2
1348,1097,0,807,40,40-807,2
1356,1458,0,63,167,167-63,2
1361,1023,0,218,442,442-218,2
1364,1365,0,396,345,345-396,2
1366,725,0,453,189,189-453,2
1370,586,0,43,56,56-43,2
1372,894,0,23,62,62-23,2
1374,752,0,332,193,193-332,2
1377,987,0,125,570,570-125,2
1378,154,0,932,296,296-932,2
1381,827,0,262,228,228-262,2
1387,32,0,36,463,463-36,2
1389,1440,0,198,345,345-198,2
1396,787,0,522,629,629-522,2
1397,1045,0,176,577,577-176,2
1399,135,0,177,248,248-177,2
1408,82,0,193,247,247-193,2
1411,126,0,417,98,98-417,2
1416,1064,0,66,635,635-66,2
1418,1104,0,455,629,629-455,2
1419,1099,0,639,58,58-639,2
1439,1097,0,296,40,40-296,2
1453,1409,0,875,271,271-875,2
1454,909,0,748,218,218-748,2
1461,309,0,457,255,255-457,2
1462,1444,0,297,208,208-297,2
1467,734,0,550,167,167-550,2
1468,1380,0,313,302,302-313,2
1471,871,0,577,220,220-577,2
1474,501,0,428,66,66-428,2
1494,920,0,741,170,170-741,2
1495,67,0,314,179,179-314,2
1499,559,0,219,507,507-219,2
1500,755,0,63,734,734-63,2
1504,1464,0,553,629,629-553,2
1509,597,0,220,169,169-220,2
1512,1023,0,94,442,442-94,2
729,1421,0,754,218,218-754,2
293,546,0,298,392,392-298,2
1461,170,0,457,220,220-457,2
236,1458,0,536,167,167-536,2
528,546,0,129,392,392-129,2
153,32,0,288,463,463-288,2
1411,1328,0,417,40,40-417,2
745,798,0,43,78,78-43,2
745,380,0,43,649,649-43,2
903,565,0,43,564,564-43,2
951,205,0,207,733,733-207,2
631,148,0,324,207,207-324,2
310,997,0,63,302,302-63,2
597,1023,0,68,442,442-68,2
990,67,0,209,179,179-209,2
67,970,0,56,190,190-56,2
880,353,0,476,206,206-476,2
1035,848,0,537,167,167-537,2
978,572,0,6,85,85-6,2
304,97,0,462,77,77-462,2
101,1093,0,119,474,474-119,2
811,1324,0,351,167,167-351,2
827,1090,0,256,218,218-256,2
1441,960,0,380,655,655-380,2
1442,815,0,380,434,434-380,2
1447,871,0,265,220,220-265,2
1345,1331,0,309,94,94-309,2
149,1309,0,228,629,629-228,2
837,82,0,228,247,247-228,2
28,390,0,109,650,650-109,2
82,1042,0,348,167,167-348,2
723,265,0,348,715,715-348,2
764,945,0,588,40,40-588,2
700,683,0,19,718,718-19,2
994,773,0,19,263,263-19,2
995,683,0,19,718,718-19,2
1120,463,0,93,126,126-93,2
345,1238,0,413,469,469-413,2
1198,399,0,330,202,202-330,2
965,1093,0,304,474,474-304,2
1106,1049,0,120,718,718-120,2
718,725,0,56,189,189-56,2
1489,1229,0,56,167,167-56,2
363,380,0,414,649,649-414,2
719,1003,0,522,410,410-522,2
369,343,0,193,488,488-193,2
1243,648,0,755,78,78-755,2
484,251,0,480,383,383-480,2
1440,1441,0,480,228,228-480,2
1102,704,0,480,629,629-480,2
1365,1259,0,480,265,265-480,2
1102,264,0,480,228,228-480,2
1365,1133,0,480,588,588-480,2
362,1440,0,393,345,345-393,2
217,975,0,43,64,64-43,2
1148,789,0,56,541,541-56,2
671,118,0,518,541,541-518,2
1195,629,0,34,191,191-34,2
1263,1380,0,778,302,302-778,2
1263,621,0,778,744,744-778,2
546,170,0,370,220,220-370,2
749,825,0,250,236,236-250,2
1327,1031,0,99,629,629-99,2
1329,1118,0,99,680,680-99,2
1078,1023,0,538,442,442-538,2
869,327,0,606,629,629-606,2
203,110,0,441,263,263-441,2
378,587,0,450,110,110-450,2
1419,841,0,639,302,302-639,2
899,54,0,165,718,718-165,2
356,693,0,236,167,167-236,2
1169,1009,0,236,221,221-236,2
1249,1102,0,195,345,345-195,2
421,725,0,55,189,189-55,2
1060,228,0,479,189,189-479,2
9,850,0,821,167,167-821,2
1257,947,0,773,486,486-773,2
307,647,0,574,40,40-574,2
450,146,0,186,676,676-186,2
209,421,0,786,493,493-786,2
939,1482,0,786,167,167-786,2
10,1093,0,120,474,474-120,2
100,641,0,472,228,228-472,2
758,760,0,472,715,715-472,2
781,467,0,110,668,668-110,2
813,943,0,110,184,184-110,2
813,1270,0,110,310,310-110,2
1285,1106,0,308,302,302-308,2
263,1187,0,63,335,335-63,2
1016,717,0,63,493,493-63,2
608,1214,0,79,345,345-79,2
885,1416,0,230,95,95-230,2
578,871,0,466,220,220-466,2
617,764,0,130,251,251-130,2
352,99,0,707,734,734-707,2
986,1153,0,707,629,629-707,2
1164,755,0,707,734,734-707,2
232,778,0,590,629,629-590,2
987,170,0,590,220,220-590,2
568,1031,0,107,629,629-107,2
1478,1331,0,107,94,94-107,2
159,1442,0,623,228,228-623,2
1278,1067,0,294,488,488-294,2
1224,759,0,170,226,226-170,2
14,909,0,852,218,218-852,2
799,725,0,162,189,189-162,2
1303,357,0,162,125,125-162,2
346,377,0,120,104,104-120,2
1158,1068,0,120,488,488-120,2
182,173,0,855,184,184-855,2
1464,774,0,102,218,218-102,2
1167,1227,0,102,757,757-102,2
778,1073,0,654,21,21-654,2
1031,1269,0,916,310,310-916,2
821,377,0,806,104,104-806,2
1233,757,0,247,629,629-247,2
1323,279,0,172,343,343-172,2
1202,1125,0,656,218,218-656,2
30,99,0,41,734,734-41,2
1197,1219,0,772,302,302-772,2
432,1352,0,796,21,21-796,2
129,1024,0,301,414,414-301,2
462,1270,0,175,310,310-175,2
250,1161,0,99,236,236-99,2
1004,302,0,99,292,292-99,2
250,1214,0,99,345,345-99,2
1232,572,0,99,85,85-99,2
1384,1170,0,99,680,680-99,2
1384,1008,0,99,221,221-99,2
1004,464,0,99,274,274-99,2
1232,302,0,99,292,292-99,2
1004,1455,0,99,392,392-99,2
1232,147,0,99,130,130-99,2
1351,1185,0,99,183,183-99,2
1384,154,0,99,296,296-99,2
1028,718,0,111,302,302-111,2
1160,970,0,540,190,190-540,2
1135,171,0,328,529,529-328,2
1262,1365,0,513,345,345-513,2
854,409,0,531,265,265-531,2
1454,203,0,748,457,457-748,2
275,1133,0,291,588,588-291,2
896,559,0,871,507,507-871,2
394,289,0,180,336,336-180,2
493,1167,0,23,629,629-23,2
1036,1093,0,326,474,474-326,2
9,9,1,821,498,498-821,3
16,16,1,34,637,637-34,3
26,26,1,554,47,47-554,3
30,30,1,41,657,657-41,3
40,40,1,407,616,616-407,3
45,45,1,108,518,518-108,3
57,57,1,265,217,217-265,3
63,63,1,941,347,347-941,3
80,80,1,43,580,580-43,3
84,84,1,901,609,609-901,3
100,100,1,472,535,535-472,3
104,104,1,43,108,108-43,3
108,108,1,629,100,100-629,3
120,120,1,56,640,640-56,3
128,128,1,351,227,227-351,3
152,152,1,701,87,87-701,3
155,155,1,725,196,196-725,3
159,159,1,623,586,586-623,3
178,178,1,471,427,427-471,3
180,180,1,34,249,249-34,3
188,188,1,43,275,275-43,3
206,206,1,672,610,610-672,3
220,220,1,304,297,297-304,3
237,237,1,812,71,71-812,3
272,272,1,666,736,736-666,3
284,284,1,580,711,711-580,3
285,285,1,460,182,182-460,3
298,298,1,538,425,425-538,3
320,320,1,93,270,270-93,3
367,367,1,645,324,324-645,3
383,383,1,113,129,129-113,3
412,412,1,688,289,289-688,3
413,413,1,513,724,724-513,3
432,432,1,796,68,68-796,3
435,435,1,281,583,583-281,3
440,440,1,364,348,348-364,3
452,452,1,172,646,646-172,3
473,473,1,367,382,382-367,3
486,486,1,604,216,216-604,3
516,516,1,417,147,147-417,3
521,521,1,523,272,272-523,3
530,530,1,702,597,597-702,3
557,557,1,774,658,658-774,3
578,578,1,466,567,567-466,3
581,581,1,714,698,698-714,3
589,589,1,400,703,703-400,3
593,593,1,284,709,709-284,3
601,601,1,821,498,498-821,3
611,611,1,616,323,323-616,3
612,612,1,285,105,105-285,3
614,614,1,34,637,637-34,3
618,618,1,156,105,105-156,3
620,620,1,843,105,105-843,3
624,624,1,860,67,67-860,3
633,633,1,406,348,348-406,3
644,644,1,21,657,657-21,3
666,666,1,407,616,616-407,3
674,674,1,108,518,518-108,3
686,686,1,265,217,217-265,3
722,722,1,595,580,580-595,3
750,750,1,504,673,673-504,3
758,758,1,472,535,535-472,3
780,780,1,23,68,68-23,3
811,811,1,351,227,227-351,3
814,814,1,156,105,105-156,3
823,823,1,320,425,425-320,3
834,834,1,802,68,68-802,3
842,842,1,99,87,87-99,3
846,846,1,224,196,196-224,3
869,869,1,606,453,453-606,3
887,887,1,106,249,249-106,3
890,890,1,206,68,68-206,3
891,891,1,854,69,69-854,3
897,897,1,164,105,105-164,3
904,904,1,43,275,275-43,3
912,912,1,760,69,69-760,3
916,916,1,48,658,658-48,3
917,917,1,103,323,323-103,3
924,924,1,56,105,105-56,3
937,937,1,509,491,491-509,3
957,957,1,417,147,147-417,3
965,965,1,304,297,297-304,3
966,966,1,629,100,100-629,3
974,974,1,274,105,105-274,3
977,977,1,567,147,147-567,3
988,988,1,568,69,69-568,3
1053,1053,1,445,657,657-445,3
1057,1057,1,738,68,68-738,3
1058,1058,1,767,68,68-767,3
1063,1063,1,253,68,68-253,3
1078,1078,1,538,425,425-538,3
1079,1079,1,137,425,425-137,3
1113,1113,1,21,657,657-21,3
1114,1114,1,35,657,657-35,3
1116,1116,1,138,425,425-138,3
1120,1120,1,93,270,270-93,3
1136,1136,1,592,69,69-592,3
1162,1162,1,329,165,165-329,3
1182,1182,1,645,324,324-645,3
1207,1207,1,169,129,129-169,3
1221,1221,1,156,69,69-156,3
1262,1262,1,513,724,724-513,3
1286,1286,1,285,673,673-285,3
1293,1293,1,113,129,129-113,3
1297,1297,1,796,68,68-796,3
1300,1300,1,281,583,583-281,3
1301,1301,1,2,164,164-2,3
1304,1304,1,364,348,348-364,3
1322,1322,1,142,105,105-142,3
1323,1323,1,172,646,646-172,3
1341,1341,1,395,348,348-395,3
1360,1360,1,367,382,382-367,3
1366,1366,1,453,158,158-453,3
1373,1373,1,37,69,69-37,3
1379,1379,1,107,524,524-107,3
1389,1389,1,198,105,105-198,3
1393,1393,1,107,382,382-107,3
1401,1401,1,116,545,545-116,3
1411,1411,1,417,147,147-417,3
1426,1426,1,549,323,323-549,3
1432,1432,1,516,69,69-516,3
1437,1437,1,38,597,597-38,3
1439,1439,1,296,105,105-296,3
1450,1450,1,782,504,504-782,3
1466,1466,1,774,658,658-774,3
1467,1467,1,550,324,324-550,3
1470,1470,1,889,156,156-889,3
1486,1486,1,99,270,270-99,3
1501,1501,1,400,703,703-400,3
1507,1507,1,284,709,709-284,3
1508,1508,1,740,105,105-740,3
108,966,1,629,100,100-629,3
966,108,1,629,100,100-629,3
618,814,1,156,105,105-156,3
814,618,1,156,105,105-156,3
383,1293,1,113,129,129-113,3
1293,383,1,113,129,129-113,3
516,957,1,417,147,147-417,3
957,516,1,417,147,147-417,3
516,1411,1,417,147,147-417,3
1411,516,1,417,147,147-417,3
957,1411,1,417,147,147-417,3
1411,957,1,417,147,147-417,3
487,1366,1,453,158,158-453,3
223,1162,1,329,165,165-329,3
1162,223,1,329,165,165-329,3
57,686,1,265,217,217-265,3
686,57,1,265,217,217-265,3
128,811,1,351,227,227-351,3
811,128,1,351,227,227-351,3
320,1120,1,93,270,270-93,3
1120,320,1,93,270,270-93,3
188,904,1,43,275,275-43,3
965,220,1,304,297,297-304,3
367,1182,1,645,324,324-645,3
1182,367,1,645,324,324-645,3
440,1304,1,364,348,348-364,3
1304,440,1,364,348,348-364,3
473,1360,1,367,382,382-367,3
1360,473,1,367,382,382-367,3
298,1078,1,538,425,425-538,3
1078,298,1,538,425,425-538,3
168,869,1,606,453,453-606,3
9,601,1,821,498,498-821,3
601,9,1,821,498,498-821,3
405,1257,1,773,504,504-773,3
45,674,1,108,518,518-108,3
499,1379,1,107,524,524-107,3
1379,499,1,107,524,524-107,3
100,758,1,472,535,535-472,3
758,100,1,472,535,535-472,3
1492,578,1,466,567,567-466,3
435,1300,1,281,583,583-281,3
1300,435,1,281,583,583-281,3
159,853,1,623,586,586-623,3
853,159,1,623,586,586-623,3
40,666,1,407,616,616-407,3
666,40,1,407,616,616-407,3
16,614,1,34,637,637-34,3
614,16,1,34,637,637-34,3
452,1323,1,172,646,646-172,3
644,1113,1,21,657,657-21,3
1113,644,1,21,657,657-21,3
30,645,1,41,657,657-41,3
557,1466,1,774,658,658-774,3
1466,557,1,774,658,658-774,3
299,1080,1,685,67,67-685,3
1080,299,1,685,67,67-685,3
1231,1050,1,13,68,68-13,3
432,1297,1,796,68,68-796,3
1297,432,1,796,68,68-796,3
589,1501,1,400,703,703-400,3
1501,589,1,400,703,703-400,3
593,1507,1,284,709,709-284,3
1507,593,1,284,709,709-284,3
8,758,0,861,535,535-861,3
32,1182,0,948,324,324-948,3
35,614,0,381,637,637-381,3
52,1507,0,596,709,709-596,3
95,16,0,309,637,637-309,3
103,887,0,588,249,249-588,3
121,780,0,943,68,68-943,3
126,583,0,818,323,323-818,3
151,237,0,289,71,71-289,3
156,858,0,474,491,491-474,3
161,57,0,120,217,217-120,3
165,611,0,515,323,323-515,3
170,452,0,24,646,646-24,3
174,237,0,172,71,71-172,3
179,853,0,611,586,586-611,3
182,1492,0,855,567,567-855,3
185,1507,0,165,709,709-165,3
204,1466,0,230,658,658-230,3
234,1257,0,209,504,504-209,3
250,1360,0,99,382,382-99,3
257,487,0,558,158,158-558,3
261,320,0,713,270,270-713,3
262,84,0,925,609,609-925,3
265,1257,0,111,504,504-111,3
269,1373,0,267,69,69-267,3
271,178,0,847,427,427-847,3
275,1120,0,291,270,270-291,3
276,977,0,866,147,147-866,3
295,1360,0,36,382,382-36,3
298,1507,0,538,709,709-538,3
301,1450,0,390,504,504-390,3
306,1078,0,711,425,425-711,3
335,1360,0,839,382,382-839,3
336,583,0,868,323,323-868,3
350,957,0,403,147,147-403,3
357,499,0,674,524,524-674,3
362,178,0,393,427,427-393,3
384,1437,0,883,597,597-883,3
393,1366,0,216,158,158-216,3
412,1182,0,688,324,324-688,3
466,1063,0,884,68,68-884,3
477,16,0,849,637,637-849,3
487,486,0,453,216,216-453,3
489,155,0,605,196,196-605,3
504,869,0,897,453,453-897,3
518,1257,0,416,504,504-416,3
536,220,0,265,297,297-265,3
550,645,0,939,657,657-939,3
575,1323,0,124,646,646-124,3
577,1379,0,73,524,524-73,3
578,541,0,466,553,553-466,3
579,320,0,525,270,270-525,3
590,890,0,648,68,68-648,3
599,557,0,140,658,658-140,3
608,499,0,79,524,524-79,3
618,1262,0,156,724,724-156,3
626,1113,0,220,657,657-220,3
642,45,0,650,518,518-650,3
676,303,0,347,7,7-347,3
682,890,0,97,68,68-97,3
686,383,0,265,129,129-265,3
715,1300,0,433,583,583-433,3
725,674,0,249,518,518-249,3
733,846,0,71,196,196-71,3
734,645,0,503,657,657-503,3
739,108,0,435,100,100-435,3
743,593,0,374,709,709-374,3
753,624,0,99,67,67-99,3
773,1466,0,887,658,658-887,3
786,1231,0,54,68,68-54,3
791,1120,0,820,270,270-820,3
816,1231,0,56,68,68-56,3
821,1078,0,806,425,425-806,3
827,834,0,256,68,68-256,3
840,285,0,99,182,182-99,3
851,1501,0,147,703,703-147,3
883,645,0,289,657,657-289,3
885,1231,0,230,68,68-230,3
898,272,0,88,736,736-88,3
908,220,0,100,297,297-100,3
919,1389,0,599,105,105-599,3
929,916,0,439,658,658-439,3
930,108,0,776,100,100-776,3
936,16,0,43,637,637-43,3
950,1182,0,908,324,324-908,3
957,1120,0,417,270,270-417,3
965,1231,0,304,68,68-304,3
979,809,0,535,68,68-535,3
1011,405,0,442,504,504-442,3
1022,966,0,744,100,100-744,3
1038,846,0,364,196,196-364,3
1054,1379,0,211,524,524-211,3
1069,1074,0,298,679,679-298,3
1075,495,0,56,69,69-56,3
1076,633,0,389,348,348-389,3
1087,1323,0,43,646,646-43,3
1100,237,0,109,71,71-109,3
1114,666,0,35,616,616-35,3
1118,1297,0,636,68,68-636,3
1135,645,0,328,657,657-328,3
1139,1466,0,139,658,658-139,3
1142,440,0,49,348,348-49,3
1143,452,0,292,646,646-292,3
1147,644,0,920,657,657-920,3
1151,1063,0,40,68,68-40,3
1154,823,0,235,425,425-235,3
1169,511,0,236,730,730-236,3
1182,977,0,645,147,147-645,3
1195,159,0,34,586,586-34,3
1200,957,0,450,147,147-450,3
1202,721,0,656,275,275-656,3
1212,638,0,41,425,425-41,3
1218,1466,0,56,658,658-56,3
1222,1162,0,625,165,165-625,3
1229,1050,0,361,68,68-361,3
1235,320,0,56,270,270-56,3
1237,383,0,451,129,129-451,3
1256,495,0,664,69,69-664,3
1261,499,0,302,524,524-302,3
1286,435,0,285,583,583-285,3
1291,436,0,514,164,164-514,3
1340,108,0,12,100,100-12,3
1347,128,0,888,227,227-888,3
1386,1304,0,844,348,348-844,3
1392,1136,0,595,69,69-595,3
1401,9,0,116,498,498-116,3
1402,1507,0,416,709,709-416,3
1415,155,0,785,196,196-785,3
1423,1078,0,99,425,425-99,3
1450,452,0,782,646,646-782,3
1459,578,0,759,567,567-759,3
1477,80,0,79,580,580-79,3
1482,686,0,483,217,217-483,3
1484,1341,0,779,348,348-779,3
1491,614,0,762,637,637-762,3
1503,1501,0,419,703,703-419,3
966,440,0,629,348,348-629,3
814,1411,0,156,147,147-156,3
656,84,0,373,609,609-373,3
955,645,0,348,657,657-348,3
957,45,0,417,518,518-417,3
631,957,0,324,147,147-324,3
1444,320,0,8,270,270-8,3
1342,1432,0,462,69,69-462,3
1434,84,0,136,609,609-136,3
995,303,0,19,7,7-19,3
1494,893,0,741,246,246-741,3
1409,1080,0,178,67,67-178,3
188,178,0,43,427,427-43,3
376,180,0,330,249,249-330,3
1407,495,0,230,69,69-230,3
175,1078,0,289,425,425-289,3
1270,30,0,52,657,657-52,3
484,924,0,480,105,105-480,3
1102,1466,0,480,658,658-480,3
440,1437,0,364,597,597-364,3
959,1136,0,43,69,69-43,3
492,904,0,56,275,275-56,3
1130,1508,0,55,105,105-55,3
473,974,0,367,105,105-367,3
1329,57,0,99,217,217-99,3
1140,937,0,140,491,491-140,3
788,1172,0,90,147,147-90,3
1093,891,0,412,69,69-412,3
21,1172,0,407,147,147-407,3
1043,1426,0,174,323,323-174,3
1343,1262,0,174,724,724-174,3
720,45,0,186,518,518-186,3
1320,1078,0,186,425,425-186,3
1316,291,0,216,156,156-216,3
499,16,0,107,637,637-107,3
1379,473,0,107,382,382-107,3
915,180,0,132,249,249-132,3
726,188,0,110,275,275-110,3
424,367,0,308,324,324-308,3
794,1063,0,409,68,68-409,3
885,452,0,230,646,646-230,3
878,128,0,230,227,227-230,3
1061,686,0,230,217,217-230,3
1165,63,0,707,347,347-707,3
1225,440,0,170,348,348-170,3
1303,614,0,162,637,637-162,3
662,1373,0,855,69,69-855,3
1104,435,0,654,583,583-654,3
653,413,0,654,724,724-654,3
1505,1078,0,654,425,425-654,3
1505,891,0,654,69,69-654,3
202,618,0,134,105,105-134,3
1082,1221,0,56,69,69-56,3
1181,809,0,237,68,68-237,3
1351,1207,0,99,129,129-99,3
1232,139,0,99,357,357-99,3
1507,957,0,284,147,147-284,3
446,1366,0,56,158,158-56,3
77,77,1,420,241,241-420,4
329,329,1,706,10,10-706,4
387,387,1,269,244,244-269,4
469,469,1,30,573,573-30,4
526,526,1,457,582,582-457,4
568,568,1,107,575,575-107,4
692,692,1,408,575,575-408,4
799,799,1,162,595,595-162,4
831,831,1,43,192,192-43,4
857,857,1,163,582,582-163,4
1186,1186,1,162,595,595-162,4
1255,1255,1,200,595,595-200,4
1273,1273,1,99,575,575-99,4
1274,1274,1,363,575,575-363,4
1353,1353,1,30,573,573-30,4
1354,1354,1,36,573,573-36,4
1370,1370,1,43,411,411-43,4
1400,1400,1,311,595,595-311,4
1478,1478,1,107,575,575-107,4
1353,469,1,30,573,573-30,4
568,1478,1,107,575,575-107,4
1478,568,1,107,575,575-107,4
1186,799,1,162,595,595-162,4
799,1303,1,162,595,595-162,4
1303,799,1,162,595,595-162,4
799,1475,1,162,595,595-162,4
1186,1303,1,162,595,595-162,4
1303,1186,1,162,595,595-162,4
1475,1186,1,162,595,595-162,4
1303,1475,1,162,595,595-162,4
2,857,0,607,582,582-607,4
28,857,0,109,582,582-109,4
199,799,0,410,595,595-410,4
251,799,0,681,595,595-681,4
345,1370,0,413,411,411-413,4
524,1475,0,712,595,595-712,4
572,1303,0,918,595,595-918,4
698,1303,0,675,595,595-675,4
752,469,0,63,573,573-63,4
1043,1186,0,174,595,595-174,4
1085,1478,0,212,575,575-212,4
1185,1478,0,449,575,575-449,4
1238,1274,0,789,575,575-789,4
1249,1274,0,195,575,575-195,4
1294,1353,0,83,573,573-83,4
1297,1370,0,796,411,411-796,4
1384,1478,0,99,575,575-99,4
1421,799,0,159,595,595-159,4
1366,1186,0,453,595,595-453,4
1131,1475,0,55,595,595-55,4
805,1255,0,853,595,595-853,4
1110,1475,0,512,595,595-512,4
1147,568,0,920,575,575-920,4
787,1186,0,102,595,595-102,4
299,857,0,685,582,582-685,4
753,799,0,99,595,595-99,4
347,1353,0,540,573,573-540,4
326,1303,0,328,595,595-328,4
6,6,1,721,326,326-721,5
12,12,1,61,696,696-61,5
17,17,1,720,329,329-720,5
20,20,1,856,574,574-856,5
25,25,1,484,166,166-484,5
35,35,1,381,176,176-381,5
42,42,1,693,111,111-693,5
58,58,1,145,670,670-145,5
65,65,1,127,653,653-127,5
68,68,1,697,155,155-697,5
71,71,1,70,550,550-70,5
85,85,1,319,60,60-319,5
91,91,1,229,119,119-229,5
96,96,1,230,682,682-230,5
112,112,1,487,339,339-487,5
124,124,1,96,594,594-96,5
134,134,1,806,632,632-806,5
156,156,1,474,716,716-474,5
179,179,1,611,213,213-611,5
184,184,1,871,747,747-871,5
212,212,1,490,475,475-490,5
238,238,1,700,256,256-700,5
248,248,1,86,662,662-86,5
254,254,1,602,277,277-602,5
278,278,1,478,598,598-478,5
287,287,1,581,749,749-581,5
297,297,1,461,738,738-461,5
310,310,1,63,168,168-63,5
442,442,1,718,321,321-718,5
443,443,1,4,264,264-4,5
459,459,1,905,546,546-905,5
500,500,1,678,109,109-678,5
529,529,1,106,245,245-106,5
570,570,1,719,338,338-719,5
595,595,1,221,233,233-221,5
600,600,1,747,245,245-747,5
615,615,1,751,329,329-751,5
634,634,1,484,48,48-484,5
687,687,1,145,670,670-145,5
699,699,1,109,653,653-109,5
700,700,1,19,256,256-19,5
709,709,1,70,407,407-70,5
732,732,1,319,60,60-319,5
746,746,1,14,52,52-14,5
786,786,1,54,756,756-54,5
801,801,1,286,631,631-286,5
802,802,1,770,594,594-770,5
810,810,1,506,48,48-506,5
821,821,1,806,632,632-806,5
832,832,1,663,210,210-663,5
847,847,1,474,716,716-474,5
849,849,1,18,256,256-18,5
870,870,1,15,52,52-15,5
896,896,1,871,747,747-871,5
932,932,1,440,213,213-440,5
976,976,1,232,39,39-232,5
994,994,1,19,256,256-19,5
995,995,1,19,256,256-19,5
1002,1002,1,86,617,617-86,5
1007,1007,1,739,29,29-739,5
1034,1034,1,70,451,451-70,5
1048,1048,1,478,598,598-478,5
1081,1081,1,109,631,631-109,5
1108,1108,1,277,645,645-277,5
1109,1109,1,277,645,645-277,5
1134,1134,1,99,60,60-99,5
1149,1149,1,54,29,29-54,5
1152,1152,1,53,25,25-53,5
1176,1176,1,845,754,754-845,5
1193,1193,1,61,645,645-61,5
1251,1251,1,873,153,153-873,5
1252,1252,1,784,153,153-784,5
1287,1287,1,240,759,759-240,5
1307,1307,1,115,52,52-115,5
1330,1330,1,65,645,645-65,5
1349,1349,1,546,180,180-546,5
1358,1358,1,261,29,29-261,5
1359,1359,1,243,29,29-243,5
1385,1385,1,22,29,29-22,5
1388,1388,1,106,39,39-106,5
1422,1422,1,99,639,639-99,5
1424,1424,1,99,472,472-99,5
1431,1431,1,9,245,245-9,5
1456,1456,1,804,111,111-804,5
1481,1481,1,737,245,245-737,5
1497,1497,1,825,631,631-825,5
1511,1511,1,221,155,155-221,5
745,630,1,43,153,153-43,5
630,903,1,43,153,153-43,5
903,630,1,43,153,153-43,5
745,903,1,43,153,153-43,5
310,1107,1,63,168,168-63,5
1107,310,1,63,168,168-63,5
655,35,1,381,176,176-381,5
476,832,1,663,210,210-663,5
832,476,1,663,210,210-663,5
700,994,1,19,256,256-19,5
994,700,1,19,256,256-19,5
700,995,1,19,256,256-19,5
995,700,1,19,256,256-19,5
996,700,1,19,256,256-19,5
994,995,1,19,256,256-19,5
995,994,1,19,256,256-19,5
996,995,1,19,256,256-19,5
278,1048,1,478,598,598-478,5
1048,278,1,478,598,598-478,5
85,732,1,319,60,60-319,5
732,85,1,319,60,60-319,5
134,821,1,806,632,632-806,5
821,134,1,806,632,632-806,5
1108,1109,1,277,645,645-277,5
1109,1108,1,277,645,645-277,5
58,687,1,145,670,670-145,5
687,58,1,145,670,670-145,5
156,847,1,474,716,716-474,5
847,156,1,474,716,716-474,5
184,896,1,871,747,747-871,5
896,184,1,871,747,747-871,5
43,996,0,518,256,256-518,5
50,1149,0,661,29,29-661,5
54,42,0,886,111,111-886,5
74,1048,0,809,598,598-809,5
76,655,0,433,176,176-433,5
87,1251,0,743,153,153-743,5
116,1349,0,488,180,180-488,5
118,1007,0,947,29,29-947,5
129,112,0,301,339,339-301,5
171,634,0,337,48,48-337,5
184,134,0,871,632,632-871,5
201,709,0,912,407,407-912,5
213,699,0,510,653,653-510,5
225,687,0,56,670,670-56,5
226,278,0,256,598,598-256,5
227,573,0,423,771,771-423,5
235,847,0,689,716,716-689,5
238,254,0,700,277,277-700,5
245,35,0,315,176,176-315,5
255,1252,0,929,153,153-929,5
267,967,0,822,29,29-822,5
278,995,0,478,256,256-478,5
316,238,0,339,256,256-339,5
317,1019,0,539,639,639-539,5
343,269,0,150,494,494-150,5
344,994,0,425,256,256-425,5
369,134,0,193,632,632-193,5
400,1048,0,637,598,598-637,5
443,1424,0,4,472,472-4,5
452,1287,0,172,759,759-172,5
479,115,0,677,39,39-677,5
480,745,0,885,153,153-885,5
493,1007,0,23,29,29-23,5
502,1048,0,716,598,598-716,5
510,995,0,264,256,256-264,5
520,802,0,497,594,594-497,5
529,71,0,106,550,550-106,5
585,896,0,498,747,747-498,5
598,700,0,33,256,256-33,5
617,156,0,130,716,716-130,5
629,17,0,183,329,329-183,5
653,134,0,654,632,632-654,5
655,1349,0,381,180,180-381,5
667,500,0,140,109,109-140,5
672,476,0,382,210,210-382,5
675,849,0,184,256,256-184,5
683,124,0,886,594,594-886,5
728,65,0,140,653,653-140,5
736,248,0,781,662,662-781,5
749,573,0,250,771,771-250,5
774,443,0,6,264,264-6,5
802,529,0,770,245,245-770,5
814,278,0,156,598,598-156,5
870,930,0,15,245,245-15,5
895,1108,0,232,645,645-232,5
933,525,0,441,607,607-441,5
959,238,0,43,256,256-43,5
962,847,0,356,716,716-356,5
974,930,0,274,245,245-274,5
985,821,0,324,632,632-324,5
994,756,0,19,52,52-19,5
1010,65,0,477,653,653-477,5
1111,832,0,64,210,210-64,5
1121,311,0,327,728,728-327,5
1128,995,0,72,256,256-72,5
1133,238,0,11,256,256-11,5
1148,500,0,56,109,109-56,5
1152,311,0,53,728,728-53,5
1190,1456,0,194,111,111-194,5
1204,476,0,230,210,210-230,5
1211,443,0,195,264,264-195,5
1230,732,0,764,60,60-764,5
1242,17,0,790,329,329-790,5
1252,932,0,784,213,213-784,5
1282,1388,0,239,39,39-239,5
1298,238,0,114,256,256-114,5
1302,1048,0,215,598,598-215,5
1310,1388,0,141,39,39-141,5
1313,946,0,56,475,475-56,5
1350,1152,0,158,25,25-158,5
1353,1048,0,30,598,598-30,5
1360,994,0,367,256,256-367,5
1373,1108,0,37,645,645-37,5
1376,269,0,88,494,494-88,5
1426,700,0,549,256,256-549,5
1429,687,0,369,670,670-369,5
1485,65,0,266,653,653-266,5
1506,525,0,940,607,607-940,5
108,438,0,629,371,371-629,5
618,1424,0,156,472,472-156,5
215,1048,0,348,598,598-348,5
701,654,0,56,690,690-56,5
1001,630,0,249,153,153-249,5
1009,700,0,149,256,256-149,5
994,1307,0,19,52,52-19,5
280,1251,0,211,153,153-211,5
542,1497,0,180,631,631-180,5
844,996,0,519,256,256-519,5
1219,311,0,120,728,728-120,5
883,20,0,289,574,574-289,5
632,1511,0,617,155,155-617,5
1282,996,0,239,256,256-239,5
1455,156,0,370,716,716-370,5
1200,994,0,450,256,256-450,5
343,248,0,150,662,662-150,5
1281,134,0,55,632,632-55,5
569,709,0,372,407,407-372,5
726,442,0,110,321,321-110,5
352,71,0,707,550,550-707,5
914,896,0,394,747,747-394,5
1300,184,0,281,747,747-281,5
417,476,0,294,210,210-294,5
894,1048,0,855,598,598-855,5
778,179,0,654,213,213-654,5
931,443,0,134,264,264-134,5
614,85,0,34,60,60-34,5
1292,269,0,632,494,494-632,5
380,1307,0,656,52,52-656,5
93,634,0,374,48,48-374,5
58,238,0,145,256,256-145,5
1501,570,0,400,338,338-400,5
639,654,0,431,690,690-431,5
447,1176,0,106,754,754-106,5
1143,179,0,292,213,213-292,5
83,529,0,502,245,245-502,5
28,28,1,109,240,240-109,6
61,61,1,687,360,360-687,6
70,70,1,608,549,549-608,6
98,98,1,336,686,686-336,6
176,176,1,303,205,205-303,6
189,189,1,376,373,373-376,6
229,229,1,323,405,405-323,6
244,244,1,325,476,476-325,6
250,250,1,99,708,708-99,6
261,261,1,713,198,198-713,6
262,262,1,925,482,482-925,6
266,266,1,257,349,349-257,6
282,282,1,612,435,435-612,6
294,294,1,631,171,171-631,6
296,296,1,325,2,2-325,6
331,331,1,882,235,235-882,6
337,337,1,344,11,11-344,6
340,340,1,233,492,492-233,6
348,348,1,726,1,1-726,6
356,356,1,236,49,49-236,6
385,385,1,56,516,516-56,6
398,398,1,424,374,374-424,6
411,411,1,543,448,448-543,6
420,420,1,638,346,346-638,6
422,422,1,239,320,320-239,6
454,454,1,494,358,358-494,6
471,471,1,425,185,185-425,6
492,492,1,56,362,362-56,6
523,523,1,639,478,478-639,6
540,540,1,731,99,99-731,6
543,543,1,63,322,322-63,6
561,561,1,577,750,750-577,6
592,592,1,346,752,752-346,6
623,623,1,99,490,490-99,6
625,625,1,39,565,565-39,6
668,668,1,230,708,708-230,6
694,694,1,824,753,753-824,6
697,697,1,43,708,708-43,6
816,816,1,56,287,287-56,6
886,886,1,303,175,175-303,6
895,895,1,232,516,516-232,6
900,900,1,565,322,322-565,6
954,954,1,387,99,99-387,6
980,980,1,0,187,187-0,6
981,981,1,233,492,492-233,6
983,983,1,323,405,405-323,6
998,998,1,325,476,476-325,6
1004,1004,1,99,708,708-99,6
1015,1015,1,571,198,198-571,6
1026,1026,1,102,334,334-102,6
1030,1030,1,257,349,349-257,6
1056,1056,1,43,565,565-43,6
1061,1061,1,230,565,565-230,6
1075,1075,1,56,490,490-56,6
1086,1086,1,43,76,76-43,6
1148,1148,1,56,362,362-56,6
1178,1178,1,99,565,565-99,6
1179,1179,1,393,356,356-393,6
1204,1204,1,230,287,287-230,6
1235,1235,1,56,405,405-56,6
1279,1279,1,638,346,346-638,6
1282,1282,1,239,320,320-239,6
1347,1347,1,888,49,49-888,6
1367,1367,1,547,692,692-547,6
1374,1374,1,332,725,725-332,6
1384,1384,1,99,708,708-99,6
1391,1391,1,244,367,367-244,6
1407,1407,1,230,287,287-230,6
1419,1419,1,639,478,478-639,6
1471,1471,1,577,750,750-577,6
1500,1500,1,63,750,750-63,6
1509,1509,1,220,708,708-220,6
1512,1512,1,94,17,17-94,6
640,28,1,109,240,240-109,6
1204,1407,1,230,287,287-230,6
1407,1204,1,230,287,287-230,6
422,1282,1,239,320,320-239,6
1282,422,1,239,320,320-239,6
420,1279,1,638,346,346-638,6
1279,420,1,638,346,346-638,6
266,1030,1,257,349,349-257,6
1030,266,1,257,349,349-257,6
362,1179,1,393,356,356-393,6
1179,362,1,393,356,356-393,6
492,1148,1,56,362,362-56,6
1148,492,1,56,362,362-56,6
983,229,1,323,405,405-323,6
411,1260,1,543,448,448-543,6
1260,411,1,543,448,448-543,6
244,998,1,325,476,476-325,6
523,1419,1,639,478,478-639,6
1419,523,1,639,478,478-639,6
340,981,1,233,492,492-233,6
981,340,1,233,492,492-233,6
385,1223,1,56,516,516-56,6
1223,385,1,56,516,516-56,6
313,1110,1,512,540,540-512,6
1110,313,1,512,540,540-512,6
885,878,1,230,565,565-230,6
878,1061,1,230,565,565-230,6
1061,878,1,230,565,565-230,6
753,250,1,99,708,708-99,6
250,1004,1,99,708,708-99,6
1004,250,1,99,708,708-99,6
250,1232,1,99,708,708-99,6
1232,250,1,99,708,708-99,6
250,1351,1,99,708,708-99,6
1351,250,1,99,708,708-99,6
250,1384,1,99,708,708-99,6
1384,250,1,99,708,708-99,6
753,1004,1,99,708,708-99,6
1004,753,1,99,708,708-99,6
753,1232,1,99,708,708-99,6
1232,753,1,99,708,708-99,6
753,1351,1,99,708,708-99,6
1351,753,1,99,708,708-99,6
753,1384,1,99,708,708-99,6
1384,753,1,99,708,708-99,6
1004,1232,1,99,708,708-99,6
1232,1004,1,99,708,708-99,6
1004,1351,1,99,708,708-99,6
1351,1004,1,99,708,708-99,6
1004,1384,1,99,708,708-99,6
1384,1004,1,99,708,708-99,6
1351,1232,1,99,708,708-99,6
1232,1384,1,99,708,708-99,6
1384,1232,1,99,708,708-99,6
1351,1384,1,99,708,708-99,6
1374,496,1,332,725,725-332,6
561,1471,1,577,750,750-577,6
1471,561,1,577,750,750-577,6
1086,1087,1,43,76,76-43,6
1087,1086,1,43,76,76-43,6
4,1087,0,33,76,76-33,6
17,229,0,720,405,405-720,6
26,28,0,554,240,240-554,6
30,878,0,41,565,565-41,6
31,1156,0,671,322,322-671,6
34,1169,0,485,49,49-485,6
36,1004,0,373,708,708-373,6
38,261,0,160,198,198-160,6
59,331,0,100,235,235-100,6
60,422,0,642,320,320-642,6
62,1030,0,793,349,349-793,6
99,523,0,622,478,478-622,6
109,1178,0,34,565,565-34,6
111,385,0,923,516,516-923,6
130,561,0,708,750,750-708,6
134,1419,0,806,478,478-806,6
143,313,0,101,540,540-101,6
154,340,0,519,492,492-519,6
209,1282,0,786,320,320-786,6
243,1223,0,459,516,516-459,6
280,1148,0,211,362,362-211,6
283,561,0,838,750,750-838,6
311,1438,0,277,287,287-277,6
330,1407,0,816,287,287-816,6
390,385,0,221,516,516-221,6
415,878,0,695,565,565-695,6
424,261,0,308,198,198-308,6
426,1391,0,172,367,367-172,6
431,1384,0,415,708,708-415,6
438,1004,0,858,708,708-858,6
456,1384,0,495,708,708-495,6
459,1110,0,905,540,540-905,6
468,70,0,682,549,549-682,6
473,422,0,367,320,320-367,6
497,640,0,302,240,240-302,6
505,1419,0,316,478,478-316,6
512,492,0,270,362,362-270,6
513,1086,0,178,76,76-178,6
551,189,0,120,373,373-120,6
560,398,0,851,374,374-851,6
581,28,0,714,240,240-714,6
588,411,0,928,448,448-928,6
595,261,0,221,198,198-221,6
600,1232,0,747,708,708-747,6
631,411,0,324,448,448-324,6
632,895,0,617,516,516-617,6
663,189,0,160,373,373-160,6
678,1471,0,620,750,750-620,6
684,348,0,432,1,1-432,6
702,1232,0,57,708,708-57,6
713,1374,0,161,725,725-161,6
747,1351,0,68,708,708-68,6
790,1232,0,133,708,708-133,6
798,983,0,653,405,405-653,6
805,954,0,853,99,99-853,6
808,1087,0,251,76,76-251,6
822,1282,0,754,320,320-754,6
839,1347,0,289,49,49-289,6
841,505,0,140,334,334-140,6
854,1179,0,531,356,356-531,6
864,981,0,322,492,492-322,6
869,1428,0,606,367,367-606,6
888,1302,0,795,360,360-795,6
906,1061,0,934,565,565-934,6
924,356,0,56,49,49-56,6
927,523,0,290,478,478-290,6
948,1232,0,255,708,708-255,6
997,61,0,127,360,360-127,6
999,1384,0,42,708,708-42,6
1001,697,0,249,708,708-249,6
1013,523,0,411,478,478-411,6
1027,244,0,230,476,476-230,6
1032,1110,0,120,540,540-120,6
1065,523,0,83,478,478-83,6
1097,250,0,112,708,708-112,6
1106,250,0,120,708,708-120,6
1115,492,0,768,362,362-768,6
1125,981,0,68,492,492-68,6
1156,1407,0,154,287,287-154,6
1157,362,0,413,356,356-413,6
1167,697,0,102,708,708-102,6
1176,1232,0,845,708,708-845,6
1180,983,0,414,405,405-414,6
1186,1204,0,162,287,287-162,6
1192,1004,0,126,708,708-126,6
1193,1223,0,61,516,516-61,6
1209,1004,0,771,708,708-771,6
1219,331,0,120,235,235-120,6
1234,1282,0,56,320,320-56,6
1241,61,0,814,360,360-814,6
1263,998,0,778,476,476-778,6
1265,296,0,778,2,2-778,6
1272,972,0,626,478,478-626,6
1279,1169,0,638,49,49-638,6
1284,1351,0,102,708,708-102,6
1318,1004,0,106,708,708-106,6
1320,972,0,186,478,478-186,6
1327,1407,0,99,287,287-99,6
1332,250,0,39,708,708-39,6
1380,753,0,56,708,708-56,6
1405,1384,0,45,708,708-45,6
1428,552,0,397,375,375-397,6
1457,1351,0,830,708,708-830,6
1493,1156,0,750,322,322-750,6
36,895,0,373,516,516-373,6
516,250,0,417,708,708-417,6
737,998,0,563,476,476-563,6
1162,753,0,329,708,708-329,6
747,878,0,68,565,565-68,6
234,1178,0,209,565,565-209,6
655,1282,0,381,320,320-381,6
173,496,0,476,725,725-476,6
49,250,0,620,708,708-620,6
678,282,0,620,435,435-620,6
57,1061,0,265,565,565-265,6
1441,294,0,380,171,171-380,6
773,471,0,887,185,185-887,6
1451,753,0,180,708,708-180,6
1106,1179,0,120,356,356-120,6
367,340,0,645,492,492-645,6
1365,356,0,480,49,49-480,6
1440,313,0,480,540,540-480,6
1365,1086,0,480,76,76-480,6
1179,1087,0,393,76,76-393,6
933,1260,0,441,448,448-441,6
225,1419,0,56,478,478-56,6
185,250,0,165,708,708-165,6
340,1384,0,233,708,708-233,6
1211,1204,0,195,287,287-195,6
385,1374,0,56,725,725-56,6
720,816,0,186,287,287-186,6
13,872,0,79,390,390-79,6
253,1279,0,232,346,346-232,6
1465,1351,0,371,708,708-371,6
1186,266,0,162,349,349-162,6
1006,296,0,757,2,2-757,6
666,1026,0,407,334,334-407,6
1464,340,0,102,492,492-102,6
653,980,0,654,187,187-654,6
1505,1419,0,654,478,478-654,6
11,1351,0,223,708,708-223,6
687,411,0,145,448,448-145,6
1344,1232,0,175,708,708-175,6
753,1282,0,99,320,320-99,6
1004,886,0,99,175,175-99,6
753,816,0,99,287,287-99,6
27,1235,0,431,405,405-431,6
54,496,0,886,725,725-886,6
507,1384,0,522,708,708-522,6
1040,980,0,291,187,187-291,6
197,878,0,599,565,565-599,6
19,900,0,499,322,322-499,6
1313,98,0,56,686,686-56,6
8,8,1,861,314,314-861,7
13,13,1,79,562,562-79,7
15,15,1,641,225,225-641,7
22,22,1,805,31,31-805,7
46,46,1,555,758,758-555,7
52,52,1,596,605,605-596,7
83,83,1,502,769,769-502,7
90,90,1,891,6,6-891,7
193,193,1,832,23,23-832,7
202,202,1,134,634,634-134,7
211,211,1,230,521,521-230,7
225,225,1,56,464,464-56,7
243,243,1,459,766,766-459,7
275,275,1,291,74,74-291,7
304,304,1,462,224,224-462,7
347,347,1,540,719,719-540,7
375,375,1,913,116,116-913,7
403,403,1,298,317,317-298,7
433,433,1,937,34,34-937,7
462,462,1,175,691,691-175,7
481,481,1,724,5,5-724,7
497,497,1,302,107,107-302,7
545,545,1,898,32,32-898,7
560,560,1,851,28,28-851,7
569,569,1,372,505,505-372,7
577,577,1,73,536,536-73,7
608,608,1,79,562,562-79,7
720,720,1,186,517,517-186,7
738,738,1,900,262,262-900,7
785,785,1,505,521,521-505,7
836,836,1,436,719,719-436,7
971,971,1,56,464,464-56,7
1006,1006,1,757,61,61-757,7
1040,1040,1,291,74,74-291,7
1089,1089,1,276,224,224-276,7
1124,1124,1,392,681,681-392,7
1145,1145,1,748,737,737-748,7
1181,1181,1,237,681,681-237,7
1320,1320,1,186,517,517-186,7
1336,1336,1,594,521,521-594,7
1342,1342,1,462,224,224-462,7
1344,1344,1,175,691,691-175,7
1371,1371,1,282,584,584-282,7
1403,1403,1,576,758,758-576,7
1443,1443,1,245,32,32-245,7
1448,1448,1,456,32,32-456,7
1454,1454,1,748,737,737-748,7
1491,1491,1,762,536,536-762,7
1494,1494,1,741,257,257-741,7
304,1342,1,462,224,224-462,7
1194,1494,1,741,257,257-741,7
41,669,1,585,327,327-585,7
669,41,1,585,327,327-585,7
971,225,1,56,464,464-56,7
569,1480,1,372,505,505-372,7
450,720,1,186,517,517-186,7
720,450,1,186,517,517-186,7
450,1320,1,186,517,517-186,7
1320,450,1,186,517,517-186,7
1320,720,1,186,517,517-186,7
1316,1317,1,216,517,517-216,7
1317,1316,1,216,517,517-216,7
13,608,1,79,562,562-79,7
608,13,1,79,562,562-79,7
252,1006,1,757,61,61-757,7
1006,252,1,757,61,61-757,7
931,202,1,134,634,634-134,7
1181,1208,1,237,681,681-237,7
1208,1181,1,237,681,681-237,7
462,1344,1,175,691,691-175,7
1344,462,1,175,691,691-175,7
347,1160,1,540,719,719-540,7
1145,1454,1,748,737,737-748,7
1454,1145,1,748,737,737-748,7
275,1040,1,291,74,74-291,7
1040,275,1,291,74,74-291,7
83,727,1,502,769,769-502,7
727,83,1,502,769,769-502,7
53,971,0,97,464,464-97,7
69,1344,0,705,691,691-705,7
75,225,0,334,464,464-334,7
78,13,0,522,562,562-522,7
81,545,0,65,32,32-65,7
82,83,0,348,769,769-348,7
93,304,0,374,224,224-374,7
105,545,0,41,32,32-41,7
124,304,0,96,224,224-96,7
163,13,0,457,562,562-457,7
210,13,0,81,562,562-81,7
214,225,0,662,464,464-662,7
229,243,0,323,766,766-323,7
232,13,0,590,562,562-590,7
286,931,0,880,634,634-880,7
287,608,0,581,562,562-581,7
297,481,0,461,5,5-461,7
332,1194,0,139,257,257-139,7
334,1194,0,292,257,257-292,7
352,41,0,707,327,327-707,7
383,13,0,113,562,562-113,7
386,375,0,127,116,116-127,7
442,1454,0,718,737,737-718,7
447,8,0,106,314,314-106,7
462,720,0,175,517,517-175,7
475,1316,0,310,517,517-310,7
491,608,0,378,562,562-378,7
494,936,0,840,707,707-840,7
516,1317,0,417,517,517-417,7
547,1403,0,727,758,758-727,7
548,1454,0,199,737,737-199,7
571,59,0,405,726,726-405,7
573,275,0,354,74,74-354,7
582,450,0,657,517,517-657,7
601,738,0,821,262,262-821,7
613,450,0,649,517,517-649,7
679,1395,0,99,505,505-99,7
721,1342,0,299,224,224-299,7
776,1089,0,652,224,224-652,7
777,375,0,225,116,116-225,7
872,202,0,475,634,634-475,7
942,1101,0,244,521,521-244,7
976,1344,0,232,691,691-232,7
981,462,0,233,691,691-233,7
986,936,0,707,707,707-707,7
992,1208,0,742,681,681-742,7
1031,90,0,916,6,6-916,7
1089,1317,0,276,517,517-276,7
1140,1040,0,140,74,74-140,7
1144,275,0,78,74,74-78,7
1161,560,0,801,28,28-801,7
1183,1006,0,481,61,61-481,7
1226,202,0,542,634,634-542,7
1240,738,0,221,262,262-221,7
1262,1454,0,513,737,737-513,7
1305,375,0,106,116,116-106,7
1328,1194,0,99,257,257-99,7
1331,1344,0,29,691,691-29,7
1334,1317,0,196,517,517-196,7
1349,720,0,546,517,517-546,7
1352,1443,0,72,32,32-72,7
1355,720,0,242,517,517-242,7
1478,931,0,107,634,634-107,7
1480,497,0,372,107,107-372,7
822,1145,0,754,737,737-754,7
725,669,0,249,327,327-249,7
228,462,0,579,691,691-579,7
970,1448,0,188,32,32-188,7
1000,1342,0,189,224,224-189,7
270,403,0,537,317,317-537,7
1128,1006,0,72,61,61-72,7
700,450,0,19,517,517-19,7
995,1448,0,19,32,32-19,7
1194,225,0,741,464,464-741,7
1380,211,0,56,521,521-56,7
1214,347,0,480,719,719-480,7
830,59,0,473,726,726-473,7
1264,1344,0,778,691,691-778,7
748,1040,0,250,74,74-250,7
1296,1316,0,415,517,517-415,7
244,720,0,325,517,517-325,7
998,1494,0,325,257,257-325,7
151,193,0,289,23,23-289,7
986,202,0,707,634,634-707,7
986,450,0,707,517,517-707,7
799,1342,0,162,224,224-162,7
1303,1480,0,162,505,505-162,7
1104,1342,0,654,224,224-654,7
428,1344,0,632,691,691-632,7
644,1181,0,21,681,681-21,7
1232,347,0,99,719,719-99,7
160,971,0,531,464,464-531,7
184,1316,0,871,517,517-871,7
1383,225,0,66,464,464-66,7
